id,predicted_price
1000102,310147.3
3600072,589336.7
3800008,270256.28
6200017,222437.84
7200179,201493.84
7600065,489668.16
11501160,824342.1
11520200,750640.7
11520640,752620.5
13001215,284592.44
16000015,202786.22
16000200,280081.66
23500190,592934.56
23520380,484427.88
31000165,1560532.1
34001765,605654.06
40000228,180814.81
40000362,147564.73
40000553,220282.47
42000127,278098.22
50300090,428795.44
52000067,585402.1
65000260,778204.5
66000070,295852.6
66000265,381518.16
87000213,254249.55
87000245,232045.36
87000283,393963.1
88000173,470311.4
98000060,1361390.2
100100050,310107.7
100300500,290523.44
100600320,215013.45
100600860,198901.14
104500730,210336.33
104510180,250082.75
104510230,255478.2
104510440,242339.94
104540820,232594.61
104550690,299735.66
104560120,288368.16
106000015,411473.62
106000395,457201.53
108000127,487914.03
109200390,234431.17
112900020,356141.03
114100234,483394.6
114100763,296560.78
114101426,399772.72
117000100,606691.2
121059007,210605.69
121059038,367394.7
122029066,436874.66
123039147,402582.88
123039207,323037.8
123039279,184101.7
123039346,295657.4
123039364,239022.11
123039570,436404.53
123039633,342843.5
125059179,647006.8
126039252,377049.94
126039323,446777.88
126059225,505074.16
151000075,727222.56
162500015,389821.38
162500030,326290.72
173000025,302175.84
173000036,345256.44
173000140,411039.44
179003055,202691.48
185000161,252158.14
191100235,964093.9
194000575,489750.8
200500410,480167.78
200800330,414190.2
203600470,601859.06
203900460,355539.34
205000120,626905.5
207700050,557239.94
217500005,455302.25
217500015,354380.25
217500140,544807.2
224069102,548109.6
224069114,666188.5
225039049,586626.06
225039082,771416.8
226039186,342761.47
226059065,427634.84
226059096,1406297
236500050,287292.94
238000244,451348.66
239000115,329402.9
240000130,518831.34
240000269,603766.56
248000240,185206.73
249000180,2005110.9
251200240,490605.8
251300110,290543.38
251500330,1840633.8
253600180,409441.25
254000075,410961.84
254000100,602111.7
254000695,351199.84
255450020,373447.34
255450250,328710.62
255450400,364313.5
255520180,650784.75
255550070,354922.1
257000037,266189.7
257000105,204873.73
259000240,434900.5
259600620,518040.28
259600790,465993.22
259601010,431546.12
259800060,461631.9
263000006,454994.06
263000018,454900.34
263000155,454632.3
263000253,444813.28
269000030,974379.8
269000970,1480465.2
271200130,233322.88
273800100,267986.2
273900030,240395.1
274100090,337661.8
280610020,1153164.2
284000095,996229.75
287000110,638812.44
290000075,456787.5
290200230,685405.94
291300010,334377.8
291310100,413823.4
291310150,347048
291310170,428443.9
291310310,507513.94
291310340,487269.53
291310390,351784.44
293000145,405143.38
293610040,579877.9
293620220,827670.3
293700110,782397.8
293760150,901833.94
293810190,472543.16
293850040,638352.6
301400830,251749.17
301401370,335189.75
301402280,215464.02
302000065,176719.22
302000375,246352.6
304000380,224310.34
305000170,641682.8
305010050,669858.7
318300040,469210.7
318500300,702553.1
318900080,427614.03
319500080,708957.94
320069049,361821.9
321030150,323765.4
321100260,716724.75
322059097,286182.44
322059264,274033.03
322069020,451776.28
322069109,386624.38
322069141,436145.3
322069180,631082.3
323059103,365686.38
323059208,390439
323089085,696540.9
323089172,440543.88
324000280,647718.6
324000530,490615.66
324059161,995951.44
326049038,444326.12
326049060,565738.3
326049103,489996.56
326069131,567895.2
326069132,392808.34
327000100,1010202.75
333100209,731270.2
339350150,729881.56
339600110,454611.5
339600290,381456.3
342000036,500037
345700040,256006.23
357000005,627659.9
357000025,652306.5
357000135,1241861.2
369000365,340984.25
369000690,454074.66
379000051,283257
384000135,493669.2
393000142,403558.47
396100025,365642.78
396100110,293367.5
402000115,293043.4
405100165,411354.34
414100045,391217.62
414100630,338786.9
418000010,167778.03
420000085,243771.98
421000285,231922.12
421000455,227058.16
421049114,186254.62
421059018,279601.53
422049178,210730.45
422049203,229461.83
422069067,425018.53
423059207,282287.25
423059387,573741.2
424049043,754700.56
424069018,798706.25
424069096,458596.75
424069112,740642.75
424069206,803412.94
424069264,727499.4
425059024,653639.1
425069020,1148095.8
425069139,612392
425079001,657682.2
425079100,502571.78
425200205,233306.84
426059055,589159.1
431500155,618260.75
434000030,630243.25
438000015,637305.8
438000025,579392
441000115,459097.34
446000010,534219.7
446000190,733737.5
452001475,510944.97
452001860,470229.34
461004720,616815.5
475000176,448239.56
475000190,495865.66
475000510,622000.2
476000017,495362.28
476000333,457567.94
507100005,389006.22
510000641,660998.5
510001280,896868.8
511700170,305948.12
514500090,563552.6
514500235,444446.06
518500460,1430095
518500700,816859.8
519000043,514989.2
521049227,849912.8
522049074,371643.9
522049104,273212.88
522049122,279905.94
522059130,277354.75
522059172,247133.6
522059189,236974.58
522059299,293090.1
522069022,520411.66
522069119,464879.53
522079022,514615.1
523049195,205031.08
524059063,1814951
524059322,788399.6
524059323,788933.6
524069011,649938.1
524069049,545250
524069115,892103.7
524069116,490263.47
525049085,599659.6
525069127,1315876.8
525069133,922789.94
526059103,320783.53
526059183,382270.97
526069024,977864.1
534000080,300735.8
537000255,212707.16
540100057,1479887.9
546000400,445906.94
546000930,659733.25
546001060,646797
558100090,522307.03
567000755,391701.8
567000775,395523.53
569000050,591861.1
579000550,443943.22
582000135,622281.44
582000185,613792.3
585000095,621662.75
587550010,628427.1
587800130,295435.3
597000550,404924.75
597000566,338581.16
597000593,399511.28
603000555,337659.25
616000200,358893.88
619000100,339250.84
621069039,338001.4
621069102,218074.75
621069218,410489.47
622069006,904477.3
623049185,242533.45
624069003,779032.44
624100950,775522.5
624101110,768437.94
624110020,735377.44
624110610,845889.1
624110920,810210.06
626049058,434440.78
626059317,340246.84
626059335,491999.28
626100023,608325
626400020,761560.44
627300105,853918.2
629000605,1112540.1
629000730,655092.56
629410130,733849.5
629410180,734722.06
629410190,746223.2
629800380,1265136.8
629810350,828157.44
629810720,832804.94
629810800,904979.5
629811340,679074
629811600,682730.5
631000040,594410
635000009,820795.56
638100015,371499.66
641900050,432758.62
642150080,600761.5
642500080,416511
642800130,722629.3
643000110,256886.92
643300010,501626.56
644200065,822088.1
644210020,792874.7
646910160,238799.27
646910560,260927.83
647100096,742316.5
650000030,688810.06
662310900,367820.62
662350050,897281.2
662440020,427587.12
666000142,717997.94
666000143,718837.94
669000210,1175899.5
686050100,941763.3
686200490,528216.44
686200510,596735.3
686300880,671701.7
686400210,546754.9
686530170,558182.4
686530530,666450.3
686800065,970934.7
686900010,925087.94
705700240,364684.06
705700530,344085.6
705710290,357895.84
711000110,1188661.6
714000155,580525.9
715010130,1372511.4
721049207,279547.94
722039087,264198.28
722079056,414140.03
723000114,1526378.4
723000150,887190.44
723049197,226154.17
723049434,345790.25
723049448,239003.88
723069135,403246.47
724069059,1753991.5
724069070,884919.9
726049184,293170.3
726059395,447678.66
726059483,682839.94
727500030,644183.9
731500170,369886.2
736100065,858350.8
739000035,145895.34
745500010,889813.8
751000080,422692.22
751000190,358994.53
766000240,253782.97
766800090,253868.42
785000040,470428.5
792000006,186312.89
792500190,362801.47
792500260,370634.78
795000620,169084.44
795001930,238364.47
795002190,213975.11
796000235,241394.69
798000062,291880.62
798000342,320648.66
798000535,243554.94
798000630,314894.47
807800190,274389.72
808300090,468466.22
808300200,458277.6
808300270,445168.47
808300550,411903.94
809001070,733554.2
809001520,1010492.8
809001525,904847.44
809002290,826566
809002435,815972.25
809002705,718575.4
810000080,898047.4
811000055,1361852.5
818500100,208954.58
820000012,417629.47
820079043,378267.66
821049149,242988.16
822039004,553605.7
822039084,665703.9
824059321,1647076.8
824069121,707625.9
824069173,588867
825049073,515200.94
825059178,2752785
825059349,1468173.9
825079019,627890.4
826000295,357723.88
826069002,305595.28
826069127,468666.88
826069184,480034.1
844000180,225216.62
844000225,279085.78
844000375,328024.5
847100047,581161.75
853600150,1436655
853600310,1654370.2
854000165,253744.73
855700170,532673.1
856000195,1879389.1
856000255,546899.8
859000022,304103.84
859000160,256346.8
862000020,659729.5
866400040,560464.3
868000175,709887.5
868001030,1113312.9
868002015,1237636.9
868002080,688897.44
869700050,298488.53
869700060,269665.4
869700370,307361.22
871000155,625755.06
871000435,721597.7
871001484,647016.6
871001500,717392.9
871001611,595252.94
873900240,289506.44
892000025,197139.77
898000200,204518.45
898000220,240048.94
904000045,748178.56
910000104,248108.19
917000300,377600.88
920069052,251751.81
921049141,570136.9
923000120,447670.53
923000270,368904.03
923000413,426413.9
923000425,753362.3
923000580,682336.7
923049468,197959.11
923059206,334623.12
923059252,497343.28
924069210,739665.8
925049318,612977.5
925059219,595301.2
928000020,385331.62
930000234,457459.28
930000305,420817.5
930000470,892756.5
936000060,408620.53
943100262,292913.22
943100683,401864.03
943100689,389378.12
946000295,408024.72
952003285,755966.94
952004570,380523.6
952006728,332783.38
952006857,346245.66
952007055,417055.16
955000453,452209.06
976000879,632776.4
984000130,318121.78
984000650,288673.56
984200540,310962.66
984210170,326638.2
984220290,307082.9
985000955,260128.55
985001266,293820.25
985001275,146214.19
985001321,273477.72
986000045,324396.2
993000090,700452.44
993000100,710476.75
993002325,457260.4
1001200035,225036.7
1005000036,385225.8
1005000220,388226.8
1005000240,299542.78
1020069017,392828.97
1021049022,217629.73
1021079099,318471.2
1022069050,251709.33
1022069183,607464.7
1023059190,255440.67
1023059246,481603.25
1023059365,585391.5
1023089096,257266.19
1024000109,395377.2
1024039001,831834.2
1024069027,871033.5
1025039292,1164917.4
1025049174,1172615
1025059186,503535.6
1026049036,290193.9
1026069061,724952.06
1026069106,407607.4
1036400100,649332.25
1036400200,604652.2
1036700220,725288.8
1042700050,799639.1
1042700300,825190.8
1043000100,383240.1
1049010300,389054.8
1049010390,348732.4
1049010620,267738.66
1051000040,1640574
1061500360,304914.94
1068000110,939638.94
1068000255,1729850.9
1068000375,2736005.8
1068000520,1399544.5
1068000559,1239452.2
1070000390,1138591
1072010350,536165.8
1072100085,333836.16
1073100065,320328.66
1074100020,290455.28
1079350090,307354.2
1081200360,317657.94
1085621960,291802.12
1085623630,385471.66
1085623710,366733.06
1088400190,218782.8
1088800470,593061.2
1089000190,899007.1
1090000036,732299.56
1096100010,322515.16
1099600090,221578.03
1099750610,233491.16
1099760230,234656.86
1099900120,313863.1
1099950050,685734.1
1102000095,704515.6
1102000514,900645.3
1102001274,924607.25
1105000373,263378.16
1105000571,377283.03
1105000745,355602.4
1105000780,429571.47
1109000390,491974.4
1112000035,331631.1
1112000100,556736.4
1112000125,358792.6
1112630130,391533.38
1112700010,412491.22
1113000430,184701.92
1115100119,380314.62
1115300070,756871.5
1115300270,773149.1
1118001215,1582804.9
1118001370,1400485.8
1118001631,1346711.9
1118001645,1452909.4
1118001805,2020089.6
1118500030,797386.5
1121000058,534540.25
1121059105,442582.47
1122069006,556734.25
1122069019,658550.9
1123049027,228524.95
1123049129,274965.5
1123059125,629291.3
1123059126,633837.56
1124000010,422930.53
1125059071,896212.2
1125069153,1347158.9
1125079111,1639868.5
1126059108,915300.5
1126059144,670172.44
1126059201,1197962.8
1126069045,1038180.9
1133000036,385977.1
1133000100,467549.9
1133000144,574529.6
1133000385,822695.2
1137300690,660863.56
1137400050,401332.8
1137400420,360217.47
1137410040,462947.94
1138000450,370629.5
1138010530,359638.75
1138020020,356430.84
1139000035,557430.2
1139000400,500402.9
1139000620,284394.38
1139600270,285132.25
1150000740,643897
1150900080,813391.25
1151100035,410524.3
1154100205,256946.45
1155620190,413587.06
1155640050,427792.28
1157200189,421909.3
1159400220,786330.94
1160000255,359633.6
1163400020,253175.48
1163400070,266610.9
1172000150,298630.9
1176001117,546685
1176001119,584198.06
1176001124,543080.25
1176001293,1462134.9
1180002745,303313.4
1180005220,246921.1
1180007375,626377.25
1180008315,229131.4
1180500070,389833.66
1186000150,543250.2
1189000205,438067.44
1189000207,432371.66
1193000190,810841.6
1193000280,900893.56
1193000380,825852.9
1193000390,1035897.3
1193000480,937811.75
1196000007,342379.22
1201500010,680616.4
1205000215,502905
1211000280,337940.47
1217000340,320748.06
1219000043,323818.2
1219000473,318913.4
1221039066,420625.72
1221039156,305911.66
1221059176,376355.16
1222000055,215125.84
1222029077,251128.6
1222069094,352771.84
1223089016,449119.3
1223089050,370457.03
1223089066,767564.9
1223089077,549586.2
1223089083,750342.94
1224049005,836539.8
1224059053,1131517
1224069074,791191.75
1225039067,530789.75
1225069038,1692871
1226039124,440469.1
1226039130,423177.44
1226059101,502262.25
1226059105,627669.44
1226059161,604317.25
1231000310,485469.38
1231000510,416706.1
1231001110,273853.03
1231001115,383417.03
1232000915,490156.88
1234000704,1258687.5
1235100371,685879.3
1236300268,507577.34
1236300290,1326960.1
1237500105,742215.3
1237500540,444808.2
1237500577,948355.25
1238500281,539275.5
1238500978,358297.12
1238501184,918563.1
1239400064,898369.44
1245000438,777588.75
1245000461,1123006
1245001295,655291.25
1245001659,780107.5
1245001820,646290.2
1245002952,1151732.2
1245003006,1259356.2
1245003160,724364.6
1245003740,646136.75
1245500690,769658.4
1245500950,658046.75
1246700136,428718.56
1246700251,854783.44
1247100035,1037862.1
1250200345,288678.25
1250200415,329029.28
1250200418,363404
1250200693,519751
1250201130,490531.9
1250201175,412936.38
1250201550,794848.4
1250202145,1075389.1
1250202660,894180.3
1250202990,853620.2
1251200155,1212358
1254200075,643582.06
1254200835,567896.25
1257201375,569849.3
1257202120,487966.62
1257202430,824031.6
1266200015,732901.8
1269200150,296998.06
1269200229,707331
1274500170,201697.83
1277000020,942031
1278000210,166828.69
1279300085,642662.7
1282300995,330390.5
1310000130,304947.5
1310430400,533750.7
1310500550,316366.72
1310700330,261006.98
1310700390,304801.56
1310800090,210497.27
1310820150,335463.16
1310900140,329123.44
1310900260,323128.72
1310910290,295764.03
1310980110,280961.8
1311100490,230954.95
1311200460,252533.08
1311400350,239816.45
1311500020,255624.42
1311800220,222610.17
1311800560,239203.16
1311910300,251821.69
1312200080,225106.89
1312920060,246602.69
1313000220,681954.2
1313300340,481294.7
1314300018,286115.3
1315300095,796125.2
1320069179,382082.88
1320069223,329067.25
1320069271,337136.38
1321039076,182306.14
1321059097,319659.1
1321400060,267851
1321700030,635800.9
1321970240,292359.22
1323089056,380837.62
1323089184,495778.16
1324059048,619594.1
1324079029,306272.47
1324079082,461304.03
1324079085,385559.53
1324300091,354888.6
1326039061,355668.56
1326059085,556699.7
1326069094,366211.97
1326069191,363430.34
1328300040,356617.2
1328300180,331381.66
1328300810,354662.25
1328320440,351477.28
1328320760,342425.9
1328320800,348303.97
1328330290,339089.12
1328340380,272563.28
1328340540,310088.75
1328340630,282411.9
1329000090,1473287.8
1329300480,365451.4
1330300451,1272333.6
1330850130,756291.4
1331900410,708516.56
1332700270,312112.47
1336300610,1199609
1336800010,1533832
1336800185,1302410.5
1336800880,1465082.8
1337801060,790121.06
1338300180,1769829.8
1338800491,909086.56
1339300025,795739.56
1346300150,2300417.2
1352300120,224917.62
1352300315,222722.92
1357900060,514879.2
1370800515,1787150.2
1370800560,1250873.4
1370802620,696469.1
1370802650,702748.1
1370803510,779066.6
1370803730,608052.4
1370804295,704736.7
1370804430,596372.3
1377800135,619164.1
1386800054,311416.75
1387301730,356547.47
1388600110,232779.02
1402100070,431440.78
1402200340,323015.03
1402600110,362625.06
1402600570,292838.34
1402630190,362279.06
1402900380,301640.03
1402900460,329810.94
1402970020,392704.22
1402970070,325637.28
1421069117,225977.38
1421069159,500089.47
1422029138,543427.4
1422700040,216374.58
1423049029,283665.72
1423069063,403153.8
1423069076,585926.06
1423069162,523301.2
1423200170,181871.31
1423400260,300216.56
1423800080,202607.98
1423900220,248863.66
1423910670,295228.6
1424059022,1057288
1424059130,371535.44
1424069110,732796.25
1425059145,423111.28
1425059174,462662.34
1425059193,1064696.8
1426049054,368888.9
1428000970,368837.9
1428001160,506544.44
1430800100,310463.66
1431700210,242394.48
1431700280,369177.16
1432400120,190803.23
1432400335,235937.27
1432400525,246925.8
1432600100,217514.16
1432701230,216085.47
1433100010,267717.72
1433290010,453434.22
1437500015,220859.25
1437580480,977385.9
1437910090,531097.6
1438000170,562146.25
1438000360,503339.25
1438000430,474699.03
1438000440,516313.03
1441000350,426178.94
1442300005,398751.9
1442700250,551382.2
1442700430,488889.38
1442860160,389527.06
1442870440,495526.22
1442880320,518694.8
1442880380,470089.44
1442880640,545418
1442880650,539005.56
1443300140,374106.44
1443501020,228126.47
1443550020,473774.16
1445200190,276285.3
1446110020,429049.47
1446300020,548970.7
1446400785,212176.14
1446401220,205085.25
1446401290,246714.66
1446800995,314983.06
1446801030,250213.48
1447600410,278126.34
1448800010,268418.44
1450000210,169538.97
1450100390,189309.19
1450300050,268248.53
1450900020,281165
1454100267,391069.53
1454600038,974144.7
1454600156,987999.2
1459920010,299461.1
1471590060,717619.4
1471620240,333752.44
1471700410,368606.88
1471701200,432677.72
1471701780,337553.62
1472700200,577125.44
1473120390,458929.25
1474000050,449676.47
1483300430,449803.88
1492800296,552169.94
1494300040,516771.16
1498301672,490378.5
1498302774,249835.78
1498303700,746513.6
1498304065,557624.8
1502400140,207969.5
1509500060,384479.28
1509700050,318641.3
1518000230,371199.34
1518000290,347389.72
1523049083,208976.3
1523059103,452219.4
1523059105,309539.78
1523069022,348202.7
1523069096,475488.3
1523069204,420539.88
1523069215,424907.88
1523550220,712030.75
1523550480,574742.8
1524079088,362963.78
1524079156,427021.5
1525059198,943402.06
1525069095,752089.56
1525069134,1039462.9
1525079069,664630.56
1525200060,615804
1526300015,399949.66
1529300135,316906.03
1529300160,433206.66
1535204165,497076.78
1541700240,325347.66
1543000060,538519
1545800205,294249.84
1545801970,286942.72
1545802080,245847.05
1545802830,263108.78
1545803390,275192.4
1545805460,267293.72
1545805820,267143.34
1545805980,408028.62
1546600020,662336.25
1546600125,700294.1
1552100135,1087164.1
1552510160,414049.6
1552520010,365325.25
1552800010,332019.72
1556200005,911767.75
1556200155,641167.75
1556200205,519146.62
1556200265,700346.9
1559900080,346449.12
1560920200,448454.22
1560920450,713451.4
1560930050,476082.28
1560930070,681722.06
1560930450,585204.5
1561600025,803157.06
1561930020,438730.12
1562100030,558225
1562100220,612862.3
1562200090,625409.6
1563102435,654314.56
1563102880,695260
1564000410,917024.4
1565900070,235144.11
1565930130,415969.94
1565950030,340697.88
1566100010,372296.97
1566100400,349027.53
1566100625,508446.5
1568100220,342983.47
1568100300,427520.66
1568100380,348192.38
1568100920,1199738.4
1588600040,335982.47
1588600045,356834.22
1591000015,281986.44
1591600506,343428.94
1591600527,305254.2
1592000130,593127.94
1592000250,595779.44
1592000640,594654.4
1592000780,656310.06
1596600060,289671.6
1598600209,338961.1
1601600195,286714.3
1604590230,788283.9
1604600095,362708.06
1604600227,290813.66
1604601570,382897.06
1604602050,531840.7
1604730150,540802.06
1608000120,340569.56
1612500090,216245.03
1622059095,302621.4
1623049041,135005.2
1623049174,276344.6
1623089025,416698.12
1623089039,253466.83
1623800440,458179.7
1624049228,494749.94
1624049275,445357.44
1624049291,706336.06
1624059224,1110981.6
1626069139,440757.34
1630700276,377489.6
1644500050,781016.4
1645000580,278155.5
1646501920,557044.94
1646502355,1120590.4
1651500040,2128733.5
1651500060,907690.94
1651800030,1559083.2
1652500060,1796127.4
1656600310,598508.4
1657000070,236595.44
1657300280,420115.75
1657530180,292773.84
1665400165,231929.44
1668500090,717944.5
1668500100,846455.56
1670400090,172975.03
1672000170,652656.8
1681400010,791827.4
1682000160,212146.6
1683400165,859241.06
1683500180,243592.34
1687000210,307777.16
1687000220,301482.44
1687000240,297178
1687910100,557001.9
1689400150,812069.75
1695900060,473612.88
1695900150,840930.4
1697000370,208203.86
1702900624,336408.6
1702901500,387747.62
1703400470,406249.12
1703900155,320342.4
1704900135,396758.9
1704900303,518057.56
1705400350,395628.03
1710400005,560226.56
1720069029,416094.94
1720800305,709028.25
1721801025,230437.92
1721801280,224180.95
1721801591,142598.45
1722059222,271403.06
1722069097,441056.75
1725059182,1246972.6
1725059252,725452.06
1725800280,500934.8
1726069060,691023.44
1726069084,428128.6
1726069202,355206.2
1727500230,411667.12
1727850340,1096765.6
1727850350,1205709.6
1732800175,859414
1732801300,922470.5
1735800050,130839.02
1737100830,591157.7
1737300130,531802.6
1755700060,367801.7
1760650280,326332.4
1760650610,324075.53
1760650670,274587.1
1760650950,324912.03
1761100190,243894.06
1761300310,249905.61
1762600190,974749.7
1762600260,986145.7
1762600280,1014730.3
1769600066,764434.6
1770000090,411488.53
1770000490,346445.16
1771000430,324759.28
1771000690,326353.9
1771000760,348298.34
1771000970,336187.28
1771100130,346786.94
1771100330,349725.9
1771110070,347169.16
1773100123,311930.97
1773100275,274246.88
1773100430,319820.72
1773100604,367848
1773100755,500373.3
1773100765,281308.22
1773100920,340739.47
1773100922,340494.84
1773100926,372313.66
1773100972,348739.38
1773100980,348486.72
1773101020,318038.97
1773101050,359419.3
1773101159,272770.53
1773101530,212377.38
1774000030,438268.84
1774000780,458809.78
1774220070,595944.75
1775500050,380211.62
1775500310,532887.06
1775500371,722446.7
1775800420,446756.97
1775800710,340158.6
1775801090,475118.44
1775801405,552545
1775900140,440294.8
1775900220,343443.03
1775910370,545191.75
1775920350,333889
1775930010,413811.97
1775930440,484240.8
1776460110,478025.84
1776460190,484713.94
1777500090,649237.5
1777600210,654707.8
1777600450,640414.9
1777600490,689216.2
1777600900,717760.4
1778350270,709660.06
1778500015,821892.2
1781500180,352873.78
1781500220,717156.9
1781500385,407575.16
1781500435,511297.88
1782000130,413031.7
1782000160,362334.34
1782500035,328216.34
1786810040,687620.1
1786830090,592291.94
1787600209,412626.97
1787600224,428555.88
1788800910,191890.11
1788900380,188233.16
1789800020,367352.28
1789900080,255118.34
1794500360,613855.56
1794500695,593397.25
1795900120,526900.25
1796100010,544810.8
1796100015,573379.06
1796100140,267357.94
1796360350,249207.33
1796361140,237113.16
1796370150,251670.2
1796370590,244360.39
1796380960,272999.8
1796700160,279192.78
1797500530,547016.7
1807900300,751484.44
1822039138,605412.1
1822039225,520028.16
1822059057,156122.95
1822059156,581013.8
1822069109,413813.53
1822350070,358353.5
1822500160,344097.4
1823049179,374346.97
1823059159,177673.33
1823059241,747943.8
1823069088,331357.3
1823069155,443395.72
1824059079,887740.56
1824079052,988166.94
1825069031,781561.8
1826049408,370680.03
1828001220,648320.56
1836980240,772787.9
1839500065,270698.4
1839500115,317005.16
1839900080,329372.44
1839910300,351484.3
1839920050,377913.94
1841500050,348874.12
1842200040,410222.56
1842390130,700408.3
1843100520,371727.2
1843130980,331111.25
1843200350,174336.69
1844500025,353866.6
1853000510,1053759.9
1853080150,854152.75
1853080570,846165.06
1853080640,956965.3
1853080790,858035.7
1853200080,494238.72
1854900330,691062.3
1854900430,656926.25
1858600042,353931.4
1860600290,887143.9
1860600535,970398.7
1861400068,502785.6
1861400116,677401.94
1862400087,472913.3
1862400471,437425.38
1862400517,344060
1862700290,358735.78
1862900360,306163.53
1864700300,315044.97
1865000110,370427.38
1865810290,183759.48
1868900675,804551.5
1868901190,630908.4
1868902745,792199.75
1873100060,687671.3
1887500045,259294.11
1890000169,549668.5
1890000225,823433
1895000260,225164.86
1898200080,350556.7
1898310110,284663
1899400365,265363.88
1900000035,176319.9
1900000195,195009.38
1901600090,360932.4
1909600046,510384.4
1917300260,213559.42
1919800260,610469.5
1920079039,238623.3
1922059010,207797.61
1922059046,284568.28
1922059135,218694.14
1922059401,255664.66
1923000160,979881.5
1923039022,557544.5
1923300135,522069.97
1924069115,789501.1
1925059194,1114629.1
1925069121,850082.2
1925069183,472495.84
1926059039,773548.1
1926059094,416898.88
1930300190,745791.4
1930301325,952745.5
1930301555,515667.9
1931300090,597778.8
1931300688,501414.7
1931300850,448470.47
1931300955,429496.12
1934800087,438480.4
1938000140,739697.56
1939000010,693912.6
1939120450,665146.06
1939130420,661949.75
1944900090,446504.8
1951100100,184808.69
1951600240,199023.52
1951600250,190231.81
1951820070,556473.06
1953400510,234737.89
1954400060,527981.25
1954420380,535343.75
1954430180,531340.3
1954600050,422798.25
1954700615,1176896.9
1959700225,657284.06
1959700445,1451157.6
1959700550,1008872.2
1962200435,656762.75
1962200475,839899.6
1965200075,605995.56
1972200326,513464.53
1972200382,423262.62
1972200428,531147.75
1972200556,622786.7
1972201511,643409
1972201856,525447.56
1972201963,523794.5
1972202080,599938.75
1972202320,423783.25
1973700030,912142.56
1974300020,549531.7
1980200236,590461.25
1980200384,796476
1982200330,622974.4
1982200790,537606.1
1982201485,624551.94
1982201595,570367.44
1982201596,572382.5
1994200260,719338.56
1994200375,640500.4
1995200338,740773.44
2005950050,249688.11
2008000550,263295.53
2009001600,259618.5
2011000010,244568.36
2011000020,249053.12
2011400021,382596.66
2013200390,265723.25
2013801350,267543.38
2013802060,473792.7
2019200220,243253.17
2021069059,246159.08
2021200530,1098228.9
2021201000,1353776.1
2022069200,436877.16
2023049245,251631.33
2023049361,219231.44
2023049372,384975.3
2023069054,329381.25
2023069059,750401.6
2023700040,658844.8
2024059084,694924.56
2025049064,694557.5
2025049192,571820.56
2025059150,848801.44
2025700730,290915.2
2025700740,261192.48
2025701060,262926.94
2025701360,265715.88
2025701530,279999.12
2025760210,622669.7
2025770310,622773
2025770560,840539.06
2026049125,295454.2
2026059119,407964.8
2026079055,309148.3
2028700265,537153.1
2028701075,514645.03
2041000025,507520.72
2050000020,929101.94
2050100210,992802.06
2051200436,570395.2
2051200506,341246.44
2061100435,516832.28
2071500011,458990.1
2076400050,311141.25
2077700042,637890.75
2078500210,524585.9
2085200261,324394.97
2095500040,324715.94
2095500120,325346.75
2095600150,273509.78
2095800400,491162.44
2095800520,493859.44
2111010760,361234.75
2112700845,332507.7
2112700920,364269.03
2113700025,350703.8
2113700205,282372.34
2113700510,267515.8
2113700825,250867.2
2114700115,322306.06
2114700190,306493.34
2114700368,283288.3
2114700530,352761.4
2114700540,274044.78
2115510160,277266.94
2115510300,264880.97
2115720270,252887.11
2121000250,365755.78
2122039094,482050.34
2122049096,196218.42
2122059199,366569.4
2123049142,338957.84
2124069103,424672.1
2124700015,219297.52
2125059112,919667.56
2125059124,1066629.8
2125059161,1055114.4
2125410210,464703.12
2126049032,363022.97
2126049265,457997.97
2126049277,411890.6
2126059172,421934.25
2126079046,349107.1
2129700525,288293.9
2130400150,316991.25
2130701535,295984.97
2130702350,355079.53
2131200065,287391.3
2133020020,355525.78
2140950130,478286.66
2141300420,837143.2
2141320230,582072
2141330360,569988.44
2141330560,585703.1
2141330700,624345.94
2141340040,643396.1
2141500020,449536.28
2141500070,492276.66
2143701015,487461.97
2144800615,220307.25
2149800278,367142.84
2154970020,1908612
2158900140,851111.6
2159900120,466678.12
2162000160,1213194.1
2163900081,909559.2
2171400197,377404.66
2172000890,434104.1
2174503441,574434.3
2185000685,160417.66
2188201010,242689.4
2191600780,199823.06
2193310300,451912.88
2193320450,635193
2193340140,540957.3
2193340260,536308
2195700050,855536.2
2201500490,379815.88
2201500555,477701.8
2202500135,425422.4
2202500255,469104.2
2203500140,398463.75
2205500400,491745.5
2205500540,504262.7
2205700405,470175.97
2206500105,426828.1
2206500430,513898.56
2206700295,486685.3
2206900065,368772.12
2207100165,481485.22
2207100740,478139.38
2207200635,451032.8
2212200090,236403.72
2212200100,289314.9
2215450100,322949.12
2215450150,341615.7
2215901230,262043.53
2218000335,509083.06
2220069003,337643.47
2221000100,306372.38
2222059052,352998
2222900082,398496.03
2223069120,446271.53
2224700136,344705.38
2225039081,524491.3
2225059118,912213.94
2225079030,348536.9
2225300149,349477.5
2225300585,413318.56
2228900270,299525.34
2239000011,385183.9
2241700075,305926.8
2254501620,421302.2
2255500060,534871.7
2255500123,529832.4
2258500045,446912.1
2260000340,553244.2
2260300060,2265135
2260800110,907148.4
2273600260,518670.06
2287000010,701364.8
2287400030,309828.34
2291400341,327456.28
2291400342,327608.1
2291400566,316744.97
2291401425,420133.4
2296500136,725473.5
2296700050,510541.66
2296700260,438720.5
2297400020,440311.2
2297400250,483789.84
2301400640,748322
2303900035,3443161.2
2306400040,530523.06
2309000060,505594.16
2309710150,345817.3
2310000250,269962.88
2310000280,283224.84
2310000430,267344.44
2310030390,269035.3
2310030500,288710.2
2310030510,295904.25
2310040020,378460.34
2310040230,388204.6
2310100240,369519.16
2312400200,241598.73
2313900165,569159.56
2313900510,536492.2
2313900610,434398.94
2314300200,426916.84
2316400285,461377.53
2320069014,501972.56
2322069116,494289.16
2322069168,529525.75
2323059074,226525.66
2324800350,794739.25
2325069032,1227840.4
2326059080,1004477.1
2326300090,624169.1
2327000110,872213.8
2328800130,276021.16
2329700440,179740.61
2329800110,273053.72
2329800140,263479.66
2330000015,782297.8
2331300395,676847.25
2331300505,660836.5
2331550120,326523.25
2332700060,861051.44
2337000150,277282.28
2337300370,212990.94
2341800195,301346.47
2344300220,872383.56
2345700260,333439.7
2349300069,322298.06
2354300845,292448.75
2372800100,250006.92
2386000070,975754.2
2391600330,340263.1
2391600555,383288.72
2391600735,472774.4
2391601010,461158.44
2391601445,1095129.9
2392100090,471693.56
2395710070,379987.25
2397101055,780996.3
2397101270,623600.9
2397101460,680640.44
2402100055,675529.1
2402100675,697587.2
2407000145,204570.92
2407000405,210680.22
2408800120,371157.94
2412100025,415854.94
2413300980,306086.16
2413301070,307472.06
2413900050,672182.3
2413910050,595623.75
2419600075,375073.12
2420069201,257660.77
2420069278,325287.16
2420069604,268508.3
2421039075,226277.78
2421059125,491162.9
2422029094,271781.47
2422049104,169883.7
2422049107,342009.78
2422059111,337598.72
2423020010,373016.62
2423020180,579334.56
2423059067,466679.44
2423069084,523936.88
2423069164,450632.97
2424059035,838591.9
2424059119,1050633
2424059170,1876337.5
2424059174,1524327.2
2424400130,375382.66
2425049063,3859686.2
2425059074,832971
2425059173,709377.9
2426039313,285929
2426039314,285929
2426049079,308965.56
2426059071,599488.06
2426059076,585583.06
2428100080,890549
2428100100,862430.5
2436200715,598004.56
2436700280,782403.75
2436700315,583655.6
2450000290,1077262.5
2450000295,996033.1
2450500110,747411.2
2459000020,324221.16
2459500070,297985.1
2459900040,560242.56
2459950010,266538.44
2459960030,338513.66
2460700700,289853.16
2460900020,537365.75
2461900375,639451.8
2461900448,451909
2461900850,417946.22
2464400285,454444.62
2464400435,669577.6
2468800040,333212.1
2469000010,963519.4
2470100110,2891088.2
2470200020,1700250.5
2472920140,441784.6
2472920740,490972.3
2472920800,416092.94
2472950160,273352.28
2473000410,399283.12
2473000470,443925.44
2473002060,340452.3
2473002500,411772.38
2473002850,519181.28
2473100280,341261.75
2473250280,314669.3
2473250400,277061.84
2473251090,274920.4
2473251170,283275.62
2473350710,387909.28
2473371780,386558.38
2473372040,373830.38
2473372170,450207.72
2473380010,303632.06
2473381090,355551.56
2473390710,298138.3
2473411130,336831.7
2473411210,292421.7
2473420070,297169.47
2473420100,321987.47
2473450200,394534.6
2473450430,422497.56
2473480350,320558.47
2473480520,339025.75
2473480560,410063.38
2475900565,315282.72
2475900840,234473.42
2475900850,249361.14
2481630180,845115
2482410130,389963.4
2483200010,696207.5
2484700015,503106.47
2484700155,624281
2485000165,696839.9
2487200279,523927.9
2487200875,499216.97
2487700130,528919.1
2487700274,419026.6
2488200455,393193.28
2489200230,574032.3
2489200250,425541.3
2492200280,427369.03
2492200435,417349.97
2493200015,372186.56
2493200215,556515.5
2500600289,164231.12
2500600297,286262.4
2505500009,717952.06
2505500030,1148669.6
2508000020,262161
2517000260,379816.25
2517101200,311286.7
2520069100,304715.53
2520900301,225509.56
2521039066,284667.1
2522029039,506182.25
2523039239,236796.11
2523039278,254268.45
2523089025,793357.25
2524049056,1007547.25
2524049257,1325974.6
2524049318,1848419.4
2524059267,1063166.6
2524059269,999573
2524069072,361001.94
2524069097,1434129.5
2525059172,764154
2526069095,1081778.9
2533300680,1008741.4
2538400060,926262.06
2538410140,331221.78
2540800390,465960.78
2540820010,670461.4
2540830020,446601.06
2540850070,477177.28
2541100010,611903.94
2555900030,367065.12
2557000380,299058.97
2557000400,276114.34
2557000630,277997.72
2558600100,437198.9
2558630350,426878.6
2558670110,436879.66
2558700090,449274.84
2560803085,187967.67
2560805630,253135.16
2561330040,479676.7
2561360120,436196.88
2566300100,1192140.1
2568200070,821413.4
2568200140,764778.8
2568200740,743822.4
2569500210,321929.75
2570300090,387976.22
2570300130,456104.94
2571900380,291510.1
2571900430,394105.9
2571910100,351779.1
2571910210,266724.6
2581300010,1159017.6
2581300055,878163.2
2581900235,769275.3
2586800270,254978.73
2591010180,412504.6
2591010290,274653.34
2591020140,454168.62
2591780180,444074.5
2591820070,382081.44
2591820310,365192.88
2591830020,419070.56
2591840050,469799.03
2592210290,778739.75
2592210510,845870.56
2592300450,313314.94
2594200350,440469.1
2594200375,414346.25
2596300035,320304.8
2596400050,402774.12
2597150270,271038.88
2597450620,1233265.6
2597490030,652681.06
2597520090,748251.3
2597520720,772068.94
2597520900,702922.4
2597530070,858694.7
2597530650,788978.06
2597800010,502604.38
2599001500,203159.62
2599200160,328104.9
2599200830,223246.7
2600000050,670391.06
2600000510,678600.06
2600010390,678974.9
2600040130,540024.3
2600040160,656394.56
2600110250,592035.56
2607720150,518129.22
2607720420,469071.97
2610100020,280617.97
2612000200,362095.97
2612000390,331271.7
2616800050,600837.7
2616800600,860225.75
2618300350,258376.08
2619920170,809318.9
2619950310,472709.94
2620069077,244179.16
2620069113,343649.12
2621400080,306138.72
2621750340,292172.75
2621750350,306948.78
2621760350,301965.28
2622049052,606082.25
2623029078,485265.25
2623039019,719607.5
2623069010,773430.06
2623069069,615881.5
2623089135,440241.47
2623089141,481111.6
2624039114,442663.94
2624049103,333446.38
2624049165,490204.1
2624079010,599587
2624300080,731984.7
2625069038,1286522.8
2625069070,1125185.4
2625079030,803834.44
2626069030,1778692.9
2626119028,248198.11
2626119062,360250.8
2629600016,477212.3
2634500070,399355.1
2634500085,307950.97
2641400160,389936.28
2644900109,408579.22
2644900110,393589.8
2648000071,225401.2
2652500285,757902.94
2652501215,796455.5
2658000115,215991.11
2660500365,396426.44
2680700010,655857.7
2695600130,410330.56
2695600195,380395.53
2695600410,520719.97
2698200210,272332.8
2708450020,520065.34
2719100013,378608.34
2719100042,553326.5
2719100355,604645.9
2719100400,423056.4
2720000120,302797.8
2720069019,392279.75
2721049059,286754.25
2721600125,997720.6
2722049077,266943.44
2722049218,355572.56
2722059013,237639.27
2722059185,506541.06
2723069146,715737.06
2724069103,393702.8
2724069117,398202.38
2724079090,1212765
2724201202,214047.77
2725069050,914238.8
2725069150,742628.75
2725069157,843326.06
2725079018,825012.94
2726049071,366235.38
2726049150,487631.7
2726049164,453811.88
2726079098,570565.5
2734100395,307256.03
2734100734,341024.88
2734100736,338430.06
2738640040,632741.94
2738650030,573896
2742100085,413387.53
2744000010,274891.28
2744600040,370334.12
2749600095,538464.56
2749600245,607752.06
2757000030,989195.6
2760200050,373063.97
2767600150,494263.72
2767600635,643174.06
2767601280,841196.7
2767601375,547739.2
2767601390,617248.6
2767601750,480365.66
2767602094,588950.7
2767602141,558630.8
2767602356,710120.44
2767602490,433973.7
2767602855,767912.7
2767603160,563929.5
2767603250,558195.2
2767603505,464423.56
2767603824,418394.88
2767604170,488210.06
2767700022,514712.78
2767704332,449108.2
2767704649,487245.38
2767704756,485572.66
2767704777,496659.3
2767704860,631294.2
2767800140,655532.5
2768000270,530985.7
2768100186,505267.8
2768200090,715942.56
2768200212,489684.03
2768300650,527215.94
2768300655,567403.6
2769600035,796107.7
2769602140,441231.75
2770601462,533002.94
2770601677,534914.06
2770601734,605508
2770601741,499596.56
2770601763,579860.2
2770601800,539483.3
2770602170,461063.03
2770602265,608274.5
2770603523,542831.7
2770604665,537120.8
2770605420,514856.62
2770606890,566013
2770606915,518965.97
2771600550,1219011.5
2771601730,558521.56
2771604640,780255.56
2780700050,491999.75
2780900220,274353.1
2781230080,440996.2
2781250100,342990.7
2781250230,328222.6
2781250560,211831.83
2781260070,401806.16
2781270210,226522.42
2781270440,230819.97
2781270530,211836.67
2781280310,276590.84
2781320100,267689.38
2782100260,633409.1
2783100160,418701.03
2783600210,466990.66
2787000040,320777.72
2787250080,539498.75
2787250090,507532.34
2787250190,525841.56
2787310130,271118.5
2787460720,218850.2
2787700060,332791.94
2787720300,370107.1
2788400090,240967.33
2788400315,252898.69
2790410250,665377
2791500270,255759.52
2792000010,394650.5
2795000080,468087.06
2796100640,276835.75
2799800180,340280.28
2799800710,323766.62
2804600005,841842.7
2806300070,1375116
2810600015,392378.16
2810600022,301126.4
2815600305,662714.7
2817100900,281450.44
2817100910,334740.9
2817910030,436961.72
2818100060,1104823.9
2818600010,1197020.6
2818600060,1125912.1
2822049160,219439.36
2822059091,253818.8
2822069080,423221.84
2824059128,488477.4
2824089053,522477.9
2824600180,820513.8
2826049165,386281.62
2826049260,454800.12
2827100070,312090.44
2827100075,277167.8
2841500010,492185.12
2848700095,405925.75
2856100515,875534.9
2867300160,523403
2871000300,787977.94
2872900280,638940.4
2877100655,702282.44
2877100985,525463.56
2877102180,510515.38
2877102330,659799.94
2877102345,471278.97
2877102495,388379.38
2877104196,693237.3
2877104265,808997.9
2880100160,918412.44
2880100240,503221.16
2880100675,359090.06
2881700046,350062.9
2881700231,323543.47
2883200760,695359.44
2883200775,634803
2883200875,597144.06
2883200961,521189.47
2886200070,590407.2
2887700091,700402.3
2887700560,594623.1
2887700826,561071.9
2887701251,430199.56
2887701420,398982.78
2887950110,248959.1
2887970040,259389.58
2891000610,237345.52
2891000750,225917.9
2891400410,360414.03
2892600056,262322.06
2895110062,307594.66
2895550050,236779.62
2895800610,331315.94
2895800750,280886.25
2896000510,527706.9
2896400300,358349.4
2902200016,682755.94
2902200240,463015.03
2902200874,666700.75
2902201301,533929.9
2909300150,655832
2909300240,677675.94
2916200065,421940.7
2916200091,554593.3
2917200365,406680.56
2917200615,400574.16
2917200645,426956.75
2917200675,491752.53
2919201095,450449.06
2919201365,796840.7
2919700540,634421.1
2919701105,462424.16
2919702040,683760.06
2920700220,314663.62
2922069134,456554.94
2922702965,665047.1
2923039243,468889.06
2923039264,632932.06
2923049372,312088.38
2923049393,374896.44
2923049421,319275.84
2923500230,2257145.5
2923501130,646672.44
2924069132,626158.6
2926049086,647198.06
2926049400,453766.44
2926049408,649241.8
2926069083,922668.5
2927600630,807509.44
2934800025,302933.56
2935400100,587880
2937300050,991893.56
2937300060,897793.06
2937300440,878599.6
2944010240,1126123.6
2944500340,291059.22
2944510080,299666.5
2946000285,245281.94
2946000590,264155.7
2946002140,250510.27
2953000250,280961
2954400020,1218413
2954400400,1358494.1
2954400520,1303456.8
2960900040,489264.84
2960900045,628818
2966800010,313913.1
2968801240,281370.47
2973800030,227045.81
2976800796,241684
2985800030,437184.72
2988000070,349138.06
2991000400,279942.25
2997800021,441134.16
2998800040,654405.7
3010300240,518975.84
3013300017,459840.94
3013300409,357379.12
3013300660,749035.94
3013300830,378754.25
3013300968,368401.28
3013300980,426229.75
3021059155,217340.6
3021059244,237543.42
3021059276,258145.8
3021059304,323241.84
3022079080,647209.2
3023039066,406079.47
3024059014,1955454.2
3024079057,391268.34
3024089049,367438.12
3024089057,348221.28
3025059089,744726.7
3025059093,3216760.8
3025059124,1985473.6
3025300095,2567939
3026059085,1237328.8
3026059361,514635.22
3026079031,321979.78
3031200230,468693.7
3034200067,626186.1
3034200370,505420.1
3034200426,346957.3
3034200435,589495.75
3034200516,382855.78
3037200010,374932.94
3037200045,396895.9
3039000020,482978.47
3041700570,527427.1
3052700385,629880.94
3052700695,579155
3052700921,663439.4
3055800020,256810.98
3056700150,224273.55
3057000400,302198.03
3066400140,606495.6
3066400710,673459.2
3066410800,753992.6
3066410810,717306
3073500045,537748.7
3076500830,281581.2
3080000030,490794.4
3083000910,487571.7
3101500010,381619.3
3101500090,425484.9
3110800040,265304.4
3111300040,442170.28
3121059033,250448.62
3121069036,514138.78
3121500150,844548.6
3123039136,408282.78
3123039171,507655.78
3123049142,490749.03
3123059107,683155.8
3124059006,1088499.4
3124089049,458378.12
3126049052,478882.75
3126049107,510139.66
3126049261,290637.34
3126059027,1835175.6
3141600210,180215.72
3142600120,545906.1
3142600130,572499.4
3163600015,161730.89
3166900270,409573.66
3176100110,684436.56
3176600105,717800.75
3179100220,837534.44
3179100480,481614.72
3179100482,436897.16
3179100720,618994.7
3179100790,791289.1
3186600515,784857.25
3187600100,554062.06
3188100007,405415.84
3188100105,628502.6
3192000085,178402.06
3204300455,1198656.4
3204300610,570409.4
3204300625,770280.3
3204300860,784706.8
3204500340,246925.1
3204800330,409022.5
3204800430,428537.1
3204800520,386273.16
3204850140,363214.47
3204900010,598217.3
3205000310,409432.66
3205100080,480854.72
3205200430,394888.44
3205400240,351453.16
3205500160,408166.78
3205500230,351883.44
3210200395,256647.19
3210400060,211886.58
3210400340,247773.36
3210600010,686958.8
3211100240,343469.56
3211200420,334679.94
3211230260,387009.88
3211230300,385591.16
3211270160,418029.94
3211270170,447717.94
3211290370,415816.84
3211700045,633709.4
3214200070,385928.5
3221059044,635480.2
3221069054,586193.2
3221069091,533584.25
3221079050,487591.7
3222049055,682014.7
3222049120,434342.2
3222059007,346381.72
3222059130,506950.38
3222069151,300265.25
3222069153,301643.78
3222079162,285875.03
3223039013,491336.72
3223059303,468322.38
3223069019,335141.78
3223069118,593802.6
3224079005,248543.94
3224510080,782690.3
3224600340,693143.44
3224800120,301436.16
3224900130,215891.64
3225069301,1404113.9
3226049054,503318.12
3226049184,385146.44
3226069049,1209270.2
3236500220,479299.9
3259400024,326727.28
3260200200,573079.5
3260810150,317020.6
3262300235,1143179.2
3262300818,1837713.4
3262301355,1505386.2
3271300155,790478.3
3271300955,839583.3
3271301175,594315.9
3275780030,652767.6
3275800050,265482.84
3275850020,717012.56
3275880100,709419.2
3275890310,700727
3276180020,299294.06
3277800823,354488.1
3277800845,269621.7
3277801417,400556.6
3277801580,505090.53
3277801640,422020.38
3278600750,272138.88
3278601940,377151.34
3278602040,374435.53
3278602190,322709.6
3278602490,395374.94
3278602670,276270.03
3278606050,351924.38
3278612370,378852.16
3279000120,245261.6
3279000240,231961.06
3279000420,248005.75
3279000460,240091.06
3286800110,640615.8
3286800260,546340.5
3288020050,323909
3288301010,481480.16
3291800120,229352.66
3291800670,454565.56
3291800710,313540.9
3293700221,296761.1
3293700480,440267.1
3294700101,292963.5
3294700310,203181.52
3294700421,332478.84
3295730040,579958.6
3295730050,584544.7
3295900490,432218.72
3296000040,504363.7
3296000170,598374.8
3298200320,434220.84
3298200790,419960.75
3298201170,316002.16
3298201290,368435.38
3298300210,360016.9
3298400470,535574.56
3298600440,361062.2
3298700012,240189.77
3298700125,260857.42
3298700941,236505.2
3298701025,221844.66
3298720030,451806
3300701170,409573.25
3300701365,465383.9
3303000130,444950.72
3303100075,461093.38
3303700221,625569.5
3303860590,474266
3303910010,605290.9
3303950130,388864.16
3303951150,385197.5
3303960080,854626.94
3303970100,760923
3303980090,951309.2
3303980660,1023372.9
3303980680,943411.06
3303990030,882095.56
3304030140,372143.97
3304040020,385445.2
3304040130,374406.6
3304300080,633940.94
3305100210,851028.8
3306200230,215556.9
3306300630,207165.02
3307700405,486174.56
3308030060,351473.25
3313600266,193069.31
3316500200,468151.8
3317010130,215527.72
3317500030,1282835
3319500385,455363.03
3320000212,390814.12
3321049112,429159.56
3322049005,520665.34
3322049201,240352.47
3323059027,329256.56
3323500010,1194582.4
3324079092,401180.5
3325069025,541467.25
3325069064,537364.7
3326069026,675607.75
3329520170,228245.72
3330500335,309566.94
3330501545,279494.1
3330501645,262243.28
3330501975,491041.62
3331000035,529492.44
3331001910,309189.88
3331500455,523493.88
3331500650,285709.84
3332000091,325421.22
3332000615,295535.34
3333000775,291320.8
3333001997,353340.84
3333002302,416557.88
3333002450,228915.17
3334000050,415675.3
3335000025,449448.4
3336000170,324973.38
3336000296,245427.02
3336001911,269817.97
3336001946,235887.1
3336002215,237293.69
3339900640,229079.4
3340401535,173717.14
3340401570,265426.9
3342100421,638565.1
3342100569,770082
3342100785,303345.53
3343900326,455007.06
3343901188,265567.2
3343901401,483305.16
3343901403,558926.56
3343903611,674198.2
3343903640,333967.66
3343903647,404931.7
3344500085,490076.47
3345100184,355771.7
3345100286,485170.84
3345700165,525532.25
3345700207,506096.34
3345700215,619187.2
3346300356,565628.8
3348401095,313347.78
3348401319,337032.22
3348401490,303490.22
3352402250,177306.52
3352402272,256139.08
3353400092,307690
3353400435,243139.06
3353404510,302081.34
3356402232,193521.52
3356403400,235788.14
3356404198,251499.61
3356406510,224732.8
3356407665,237332.61
3359500110,817272.8
3359500960,489694.78
3361400190,192491.3
3361401011,146017.42
3362400472,331691.5
3362400615,458301.62
3362400640,597741.75
3362401295,521869.38
3362401758,496884.38
3362401935,541073.4
3364900156,297700.5
3365900462,258959.5
3368900084,349287.6
3374500250,351587.56
3374500520,334721.12
3375300360,233230.55
3378100100,260101.5
3378900020,485971.53
3379100130,475335.06
3380900125,343447.62
3380900160,370437.6
3387900390,271167.62
3388000640,236910.86
3389900800,422362.62
3392100050,201270.3
3392100140,205892.06
3394100020,1155327.4
3395040200,307365.03
3395040550,311488.9
3395070640,287866.12
3395070980,516670.12
3395300260,501427.12
3395380200,255644.66
3396800120,524023.34
3396800280,541840.75
3396820010,584426.5
3410600100,278504.03
3413700130,575482.1
3416600185,585102.44
3420069055,354695.38
3420069060,569029.3
3420069065,370965.78
3421069120,417301.4
3422049088,320776.5
3423049311,248618.38
3423059153,506332.88
3424089119,517763.2
3425059066,600846.3
3425059076,1056741.6
3425069117,1708581
3425079088,572247.7
3426049031,1304756.5
3426049284,2632518.8
3432500210,292625.62
3432500215,379509.22
3432500705,438060.34
3432501315,330423.56
3432501415,336184.4
3438500714,354043.47
3438500781,397678.28
3438500796,351868.34
3438500798,350421
3438501081,297303
3438501100,410320.75
3438501150,327436.62
3438501327,325360.7
3438501450,341041.47
3438501452,376766.34
3438501860,297201.78
3438502501,473434.5
3438502715,428244.56
3438503014,330325.28
3438503045,266943.2
3438503120,385765.12
3438503426,294289.7
3442000127,722958.1
3444120130,448621.47
3447000100,619210.75
3448000542,256825.19
3448700070,409501
3448720020,384071.75
3448740250,420953.56
3448900320,555211.44
3449500050,540157.25
3449820380,536450.2
3450300270,331034.22
3451000206,297039.44
3456000310,887115.94
3459100300,427936.72
3459900230,2138306.8
3463400330,398681.94
3475000080,663338.2
3500100015,298285.34
3501100280,390215.28
3501600100,354319.1
3509600070,243518.02
3521069051,447856.28
3521069146,456655.53
3522049063,685099.44
3523069047,819156.5
3523089019,716521.1
3524039060,318235.6
3524039209,884438.1
3524039224,906428
3524049083,447648.78
3525069037,709671.56
3526039019,785943.3
3526039074,664103.44
3526059115,586062.4
3528000290,753986.2
3528900060,944352.6
3528960020,655373.1
3529000930,544577.56
3529200190,332166.66
3529300060,317377.84
3529300330,329596.47
3530210260,708271.3
3530440140,226831.11
3530470190,203709.45
3530490031,210561.31
3531900060,353792.03
3537900180,852285.3
3541600450,390104.03
3542300060,198807.08
3546000090,259331.94
3558000120,331777.25
3558900450,535702.25
3560800040,422971.28
3574770030,471824.47
3574800090,456011.88
3574900030,534191.7
3575302575,533105.1
3575302759,457662.2
3575302880,398542.03
3575304895,567860.5
3575305495,748357.6
3577300040,458030.72
3578400270,430798.16
3578400710,407502.84
3578401770,438468.7
3578700017,574948.94
3579000410,479999.75
3580900090,368566.78
3581000340,335947.25
3582700130,429710.78
3582900280,1453885.2
3584000180,223453.52
3585210200,386725.4
3585220070,371911.6
3585300194,1056217.8
3585300365,655795.1
3585900190,1012562.94
3585900460,760957.9
3585900785,829897.6
3586500620,873794.06
3586501085,565961.2
3592500985,1094509.8
3598600049,177347.95
3598600088,277529.9
3599600276,221142.52
3603000410,175076.28
3616600250,1537151.8
3621059043,531702.75
3621059048,499872.03
3622069103,700820.56
3622069114,644228.7
3623500260,1020547.44
3623500408,2537007.5
3624039074,273953.3
3624039111,239305.61
3624039150,249869.62
3625049014,2416449.2
3625059140,570832.75
3625600190,1234342.2
3625700010,1449875.4
3625710080,1061255.1
3626039028,375933.28
3626039268,392544.72
3626039279,389598
3626039299,497413
3626039325,846814.9
3626039403,324368.34
3626079040,686215.6
3626500045,687055.75
3627800050,1432026.1
3629700120,594555.1
3629860060,802305
3629860160,804316
3629870110,529666.2
3629870420,996907.4
3629890190,1096106.9
3629910210,688526.4
3629910240,691308.2
3629920140,362983.84
3629921140,851732
3629950010,428342.6
3629960590,357323.25
3629960680,439852.47
3629970130,740457
3629970190,742625.94
3629970930,742229.44
3629980350,758385.25
3630000130,396084.8
3630010020,438626.34
3630050180,354868.62
3630060150,511938.5
3630080070,394251.38
3630090050,778002.7
3630090110,782937.44
3630120700,773655.8
3630120970,750782.44
3630180340,752607.56
3630180470,775150.6
3630180500,1007357
3630200780,962008.06
3630220180,768982.6
3630240140,561273.06
3634100030,335822.62
3644100101,347339.03
3645100280,479592.97
3645500050,477420.8
3649100031,409828.4
3649100346,401336.62
3649100387,436198.56
3654200039,387699.2
3654800040,280267.62
3654800200,278127.4
3655400060,411351.6
3658700510,617330.44
3663000070,497582.84
3678900110,396044.03
3679400025,474896.47
3679400503,308713.16
3682000050,365173.38
3682000060,400316.75
3686900025,218708.75
3702900165,338614.1
3705000070,292272.25
3705900292,422863.2
3723800409,534972.2
3723800415,367667.72
3726800201,444317.22
3734900110,215236.05
3738900105,328473.72
3738900165,389767.47
3739500096,350431.34
3744000040,473019.75
3744000150,483187.2
3750603685,235908.25
3750604417,182384.58
3750605247,230914.2
3750607974,271075.84
3751600146,223707.69
3751600176,212096.23
3751600635,213919
3751600784,318976.66
3751604895,198336.86
3754500010,804079.8
3755000120,401316.34
3755100005,498978.03
3755100220,367836.06
3755100540,390509.38
3755200220,415357.9
3755500065,408593.62
3756600240,333625.12
3756900027,632921.8
3758900023,1152860.9
3758900037,940346.25
3758900259,1302866.5
3760100100,406649.94
3760100200,469214.25
3760500222,757338.7
3760500336,1466840.1
3760500407,1656297.8
3760500516,988297.94
3761100045,2436196.2
3761700053,1756641.4
3761700067,886510.44
3761700251,836594.9
3762900130,409592
3763300005,455846.2
3764390100,466500.12
3764500180,568504.25
3764500230,582695.1
3764650010,516014.72
3764650070,482685.62
3764800250,360707
3775300030,331211.38
3776300010,987912.5
3782100035,328124.62
3782400190,358892.53
3782760040,494016.78
3787000140,497549.66
3790700070,305235.28
3791500050,313190.94
3793500510,406265.03
3793500550,297464.66
3796000400,331032
3797000300,417998.06
3797000745,510523.66
3797001702,947942.94
3797001815,405142.97
3797310150,276042.47
3797700030,272247.9
3806000005,175298.16
3810000455,322159.47
3810000480,312202.38
3810000860,339375.44
3812400107,434064.75
3812400202,177175.19
3812400455,382898.16
3812400789,355625.47
3812400854,426986.88
3814800280,369914.78
3814900260,394894.47
3814900380,356702.9
3816700150,422408.12
3820350050,355622.44
3820350120,349513.2
3821000100,275290.6
3821200050,222552
3821400200,277287.84
3824100051,389909.88
3824100211,403091.9
3824100291,442489.62
3824100364,431309.97
3825310820,792008.6
3825311190,712867.8
3825500080,498423.97
3826000560,216085.67
3826000665,288621
3826000735,211980.56
3826501060,267724.1
3830210020,220136.94
3830630310,253012.56
3830700010,424178.7
3831200210,283972.7
3831250350,385808.16
3832050130,289824.4
3832050570,319256.97
3832050760,286848.6
3832051140,328545.78
3832060120,335369.75
3832200070,259150.72
3832500260,255425.33
3832500790,257970.81
3832710680,229954.52
3834000400,356606.3
3834000720,343885.8
3834500195,495316.9
3840700757,709696.6
3845100140,336753.34
3845100640,383843.25
3845100670,456423.47
3845101070,365115.22
3856900507,1238595.6
3856902250,645197.06
3856903515,627796.4
3856904580,681579.06
3856905185,509306.47
3859900060,2825306.8
3860900003,948424.9
3860900035,1754849.8
3861400030,788737.3
3861470110,2169491.8
3861470120,1904811.6
3861500340,236271.88
3862710010,446840.5
3869900138,453318.75
3869900146,313852.62
3869900150,315981.34
3869900155,335374.25
3876000710,387121
3876100310,377972.3
3876100320,581008.8
3876200060,397159.8
3876200070,389948.53
3876300600,377360.75
3876311650,569039.6
3876312010,445630.62
3876312350,431864.78
3876312840,404724.75
3876313040,441298.25
3876313120,406252.25
3876313170,424655.5
3876540410,242544.8
3876540630,233409.67
3876540780,244603.11
3878900270,380099.97
3878900525,238414.02
3878900815,372651.47
3883100220,307384.97
3885801970,621285.8
3885804305,885862.2
3885805300,456576.7
3885806565,1241284.6
3885806840,897885.5
3886902505,611612.25
3886902590,481369.97
3888100043,345004.3
3889100029,794914.4
3890600150,500818.72
3893100327,354001.6
3893100456,946874.06
3895100039,936924.94
3896100130,1065083.6
3902100175,809187.7
3902300350,614588.4
3902300450,601527.44
3904100035,300602.75
3904100041,306930.66
3904900610,508737.53
3904902430,629599.3
3904902500,702419.1
3904910610,597561.06
3904910650,534827.3
3904920380,584899.3
3904920980,661460.06
3904930530,471911.3
3904960150,537364.7
3904960910,670130.9
3904980360,513018.62
3905030140,534939.06
3905040040,499528.9
3905040060,500221.12
3905040170,519458.16
3905080310,531747.9
3905080870,521420.62
3905100210,505919.22
3905100220,517422.1
3905100610,497779.8
3905100840,529789.94
3905120540,600861.75
3908100020,528601.94
3912000020,549877.2
3924500040,634885.4
3924500130,538481.5
3937900120,473126.7
3942900010,360281.38
3942900115,364278.06
3943600070,416028.66
3955900500,399698.78
3955900830,437734.6
3959400135,394398.03
3959400345,640040
3959401284,457964.78
3969300030,199904.64
3971700580,420177.06
3971700937,293600.94
3972900195,342732.03
3972900215,317824
3972900735,282868.25
3975400085,721253
3975400190,607793.25
3980300020,301184.72
3992700036,444332.06
3992700265,297979.12
3992700475,421746.38
3992700585,497331.4
3992700775,439718.25
3995700220,358526.12
3995700245,296422.8
3995700250,392666.4
3996900125,329702.44
3996900295,324930.9
3996900575,264197.78
4006000423,265113.97
4008400035,655997.8
4013800131,225028.77
4013800206,201484.23
4014400190,442848.88
4016800120,291707.53
4017110200,480331.75
4017600010,468534.6
4019300051,491043.5
4019301205,443848.8
4021100045,501655.75
4022901316,472293.56
4022902050,440241.47
4022902505,509877.5
4022902555,559113.7
4022902715,536585.3
4022907770,557880.1
4023500990,323856.8
4024100120,321115.03
4024100670,418800.88
4024100951,462307.75
4024700100,302935.28
4025300285,362896.28
4025300360,411957.75
4027700466,354886.9
4027700632,478215.06
4027700812,496311.78
4027701253,492644.84
4027701265,463578.38
4027701284,372328.22
4027701326,460475.5
4029400080,384619.38
4030500130,309701.9
4032500035,436295.9
4035900015,713209.2
4035900060,560144.25
4036100175,679330.5
4036800170,513915.22
4036800580,468763.4
4036800910,486431.5
4036800925,454251.8
4037000065,422682.97
4037000635,574931.94
4037200295,503544.72
4037200530,476768.34
4037200585,449517.84
4037200665,399805.53
4037500230,520516.4
4037500335,534030.2
4038100110,556608.4
4038200120,489990
4038300010,421179.25
4038300070,498095.16
4038500210,698811.75
4038700220,581451.7
4038700380,643181.44
4038700680,622772.44
4038700720,524476.8
4038700730,600885.25
4038700830,611820.5
4038700930,598360.56
4039000050,515380.78
4039700080,714167.5
4040400340,509793.88
4040700310,518149.47
4040800260,393925.9
4045100190,1904188.6
4045500620,571197.56
4045900147,620677
4046500320,368823.12
4046500510,332624.4
4046500720,551927.75
4046600220,367114.12
4046700140,401234.06
4046700210,417576.5
4046700300,415445.06
4047200850,297554.88
4047200950,235443.45
4051100390,230795.75
4051150070,212950.72
4053200410,311143.62
4054500180,1049369.4
4054510270,1083499
4054520100,846174.75
4054530260,1562946.5
4055700030,1244248.8
4055700167,858621.8
4055700778,622242.9
4055700784,796738.9
4055701110,724279.6
4058800215,523378.56
4058800830,531654.56
4058800875,362886.25
4058801225,377386.66
4058801702,820254.8
4058802300,277014.8
4059400585,250013.83
4060000290,218541.53
4068300280,257013.36
4070700290,833775.3
4074300150,384005.8
4077800026,796591.5
4077800094,589811.25
4077800507,559688.25
4077800518,340469.84
4077800593,346168.06
4083301120,598304.06
4083301645,674903.25
4083302225,863144.7
4083302485,688123.3
4083303815,804681.2
4083304190,613558.25
4083304535,882657.7
4083304835,534600.4
4083306616,431224.4
4083800555,467530.28
4099501215,806713.56
4100000050,632445.75
4100500070,1984748.5
4104900150,598415.94
4107100190,1936539.6
4107100204,2528698.2
4112100101,487920.56
4113800500,668206.1
4113800550,658743.7
4114601570,2927550.8
4122700020,976848.2
4122700040,1013901.3
4123400320,515573.5
4123400340,525914.3
4123810090,347313.53
4123820450,326386.56
4123830070,318405.88
4123830480,330992.84
4123840050,370999.75
4131500190,337402.7
4136930310,356730.12
4136960010,531155.9
4136980090,640606.06
4137000070,289141.12
4137000250,289970.38
4137000280,270393.44
4137000700,262624.7
4137010540,277934.38
4137010590,381468.3
4137020910,275147
4137040250,293254.5
4137050130,283726.06
4139400060,838613.44
4139400910,741655.6
4139420430,1330847.1
4139420590,1324490.9
4139430250,1479409.5
4139450360,839061.44
4139450760,1056658
4139480200,1311009.1
4139680070,868833.25
4139910030,1074094.6
4139910180,1512411.5
4140900140,429177.16
4140900270,391658.84
4141000060,1197205.5
4141000490,1202903.8
4141010110,1482858.9
4141400030,576305.44
4141800285,1504624.1
4142450040,289799.8
4142450330,276054.06
4142450490,302779.9
4147200140,1130148.5
4151800195,529985.5
4151800265,454665.72
4151800420,476471.06
4154300296,390884.22
4154302045,334162.97
4154303125,599815.2
4154303215,830858.2
4154303655,522146.66
4157600150,624996.44
4166800080,353128.28
4167300350,255618.33
4167700210,256606.56
4168000110,200052.06
4168100020,225408.08
4171200025,316032.9
4177100005,652894.6
4178300080,809082.75
4178300310,767679.1
4178500440,257186.95
4180300050,373747.3
4188000490,831191.06
4188000670,801999.75
4191500130,635017.94
4197400005,542982.4
4197400043,315127.9
4202400078,249765.03
4206901505,564345.9
4217401195,1068617.1
4217402115,3916054.2
4217402162,1323443
4218400175,924797.7
4219400290,1132248.9
4219400465,1062170.4
4219400520,1446924.9
4219401080,1725929
4219401236,1509918.2
4222000320,203197.98
4222200280,216170.39
4222300040,263766.78
4222310010,188874.58
4222500020,219460.28
4224100030,382863.84
4229900140,342994.28
4232400470,667099.5
4232400860,1008669.25
4232900940,729165
4232901120,719506.6
4232901525,536849.94
4232901990,556174.4
4232902615,687891.7
4233600190,885168.9
4233600260,1098711.8
4235400186,440914.6
4235400255,431980.53
4235401055,564306.6
4237901075,587102.3
4237901250,613713.3
4239400740,166554.95
4239400840,167592.53
4240400140,615635.44
4245400045,268825.5
4250200140,280859.47
4254000540,473157.8
4268200055,298962.88
4270600025,304828
4292300024,364941.16
4299000030,359435.78
4299700095,350204.5
4302200336,260564.28
4302200415,294218.97
4302201005,299533.66
4305500030,630972.75
4305600240,498086.12
4305600250,561160.7
4305600360,441740.38
4306500070,368443.1
4307320280,346920.6
4307330280,387289.38
4307350200,300566.06
4310702775,292144.9
4315700060,357142.7
4315701163,592524.1
4319200060,752529.3
4319200505,508670.56
4319200605,487920.1
4319200620,406387.88
4319200675,958442.2
4319200820,393281.03
4320200020,684199.7
4322200050,423864.5
4322200220,716144
4322500110,623306
4323700230,484293.47
4324210120,281649.94
4324500490,210038.66
4330600360,216185.64
4331400190,280004.2
4337000200,270456.34
4337000275,191108.45
4337000285,261456.16
4337600280,324653.38
4338800500,231346.45
4338800600,226434.94
4338800685,253397.47
4340000080,1174257.8
4340610040,276865.06
4343800100,407224.7
4345000440,234681.03
4345000510,266206.2
4354700010,403088.44
4358700100,446601.94
4358700164,268188.66
4363700200,317727.03
4363700304,370777.25
4364200075,337015.5
4364200125,405543.47
4364200250,395043.62
4364700730,331430.34
4365200630,394263.78
4365200895,325577.66
4365700130,315889.75
4365700330,265393.75
4376700330,587295
4376700570,690239.7
4376800010,554742.5
4385701285,1129172.5
4386700135,1852842.2
4388000070,226999.48
4388000260,199327.44
4389200765,1781169.5
4389201095,2533173.2
4391600035,276212.6
4395600060,806412.8
4396000180,234917.94
4400200057,652788.8
4406000050,219862.7
4406000390,226790.23
4415600030,324878.25
4427100025,420638.16
4427100030,375248.78
4427100105,402792.94
4427100130,408194.8
4435000520,211138.62
4435000705,213533.97
4443800385,564664.06
4443800705,460407.44
4443800785,538971.1
4443800960,553353.94
4443801495,604003.25
4444800045,623578.9
4447300008,552776.9
4447300137,928674.94
4449800063,429333.12
4458800060,930362.8
4463400195,237768.94
4476400275,358949.7
4477000290,510896.72
5000500055,232941.8
5006000170,245797.34
5015000180,826590.44
5015000596,922235.7
5016000315,485668.97
5016001260,456458.72
5016002180,903302.44
5016002275,903088.8
5019500215,509071.9
5021900090,806860.5
5021900140,1739095.8
5021900160,633786.1
5021900175,624216.7
5029450100,215300.92
5029450110,220343.81
5029450200,219818.69
5035300085,690314.06
5035300255,729552.44
5035300325,1226667.6
5035300570,726161.56
5040800060,747240.9
5040800120,973472.3
5041300100,598777.25
5045700400,549440
5054800110,329781.38
5061300030,264668.6
5071401000,791879.44
5072410070,438733.47
5075400150,616073.6
5076700025,443586.88
5083100065,203128.62
5096300130,386865.6
5096300140,363639.4
5100400251,362798.34
5100401060,631821.2
5100401160,464354.47
5100401414,462909.97
5100401468,384822.62
5100402764,416035.8
5100403818,345185.66
5101400994,403623.12
5101404555,399376.4
5101404698,407286.06
5101405265,518827.4
5101405340,508408.2
5101406375,464289.38
5101406441,471067.34
5101408678,524772.5
5101408735,314837.4
5103900015,449913.28
5104200380,235448.39
5104200470,449015.25
5104450070,454227.1
5104510210,295843.56
5104510370,322126.9
5104511040,343447.62
5104511250,496475.12
5104511840,444109.66
5104520460,363584.25
5104520610,305921.88
5104520720,344063.28
5104530240,356642.34
5104531120,714876.9
5104532030,506715
5112800042,428201.28
5112800060,410282.8
5112800234,405543.47
5112800421,313877.2
5113400364,661441.8
5119010090,534382.75
5126300060,467043.66
5126310060,521872.84
5126900321,336788.97
5127000410,344749.75
5127000470,347899.28
5127000810,348584.78
5127001600,330524.44
5127001620,323247.38
5130000080,515715.6
5135000170,726809.4
5137800030,308923.72
5141000571,238719.12
5144000036,357163.47
5145100460,460671.84
5151600170,296961.25
5151600285,297221.34
5151600340,275031.84
5151800045,500571.88
5152100060,486246.9
5152100160,438249.62
5152200020,265073.78
5152600090,318999.78
5152700060,625572.5
5153100030,325492.9
5153200358,307363.56
5160300020,546324.3
5160300030,547338.6
5162100820,313185.88
5166700050,515151.78
5196410260,934266.94
5200100115,605950.44
5200100125,625881
5201000030,549188
5205000020,303525.53
5205000400,309698.06
5207200195,688177.1
5207200360,445210.94
5209200010,521322.2
5210200081,406520.8
5210200184,589756.7
5214500690,439454.12
5215200050,708545.6
5220300140,275539.3
5226500250,495488.9
5230300210,249667.86
5231000060,300410.75
5244800695,506182.75
5244801230,761869.1
5245600105,202075.2
5245600120,251756.62
5248800250,409822.53
5249801411,656311.3
5249801440,479147.25
5249802240,616167.06
5249802460,430679.84
5249803185,574303.4
5249803550,582332.4
5249803870,546055.06
5249804510,587139.3
5249804655,626763.8
5249804760,394257.78
5253300173,329389.72
5253300437,422504.03
5255200220,403056.16
5255690060,474096.88
5256500025,485852.44
5273200060,618727.94
5273200080,538753.75
5279100675,340902.94
5285200020,303366.66
5288200230,687486.4
5292200010,450712.47
5302400080,594656.06
5306100255,396632.53
5309100750,495495.5
5315100277,1355989.6
5315100393,631243
5315100737,1209782.4
5315100784,1201108.6
5316100220,1094516
5316101075,2257367.2
5317100570,1253523.2
5317100750,2491266
5317100780,1485393.9
5318100935,896359.2
5318101765,918079.7
5323100120,547082.44
5332200026,551844.56
5332200320,715425.2
5332200405,972622.3
5347200160,256975.62
5347200162,249448.67
5347200175,277841.34
5361700020,303746.75
5363200266,391152.3
5364200477,613843.25
5379800040,336672.1
5379800810,171386.03
5379800862,339434.66
5379802650,221125.23
5379803386,246956.89
5379804888,250802.86
5379805121,402567.5
5379805160,275333.66
5379805253,174028.38
5381000070,214208.08
5393600509,313909.8
5393601635,610076.6
5406500170,616657.3
5406500440,678676.44
5406500480,642292
5408100035,454712.97
5409800110,363667.16
5411600210,795891.4
5411800250,355710.62
5412300100,233885.17
5412300410,234523.08
5412400170,252378.52
5412400180,257317.97
5413200140,250023.12
5415300060,517728.62
5415350770,792897.4
5416500040,318982.12
5416500260,297244.3
5416500680,442913.06
5416500840,361543.88
5416500950,438390.9
5416501030,424986.5
5417600200,344317.03
5418200340,691291.7
5419800220,262050.28
5419800510,256897.7
5420300210,243834.52
5422560660,546841.94
5422810010,367024.88
5423010180,777151.4
5423030040,594813.2
5423500240,213078.1
5423600080,533543
5426300060,885401.06
5427110040,1181284.5
5430300120,883922.06
5437200050,407729.1
5437400630,573133.06
5437600140,340810.3
5437820250,194974.98
5445300050,557548.75
5450300010,591695.75
5450900010,1414136.2
5451100490,1026952.1
5451210100,748711.75
5451210150,678880.4
5451300117,1811238.6
5452301810,1972300.9
5452800645,670868.8
5453700020,591011.7
5454200080,1027610.44
5456000025,1374699.1
5456000110,759236.25
5456000570,1274247.4
5457300095,1648101.2
5457300478,478060.03
5457801925,855677.4
5458800620,602880.5
5459500165,778856.4
5466310060,189446.44
5466350120,268526.25
5466400550,229180.14
5466410030,243139.06
5466700290,278190.78
5466700360,248586.38
5466750140,254137.06
5467200055,349285.9
5467500040,398654.56
5467910190,349495.2
5468730280,272956.34
5468780250,321744.66
5469500580,418094.12
5469501410,455907.5
5469501850,398233.16
5469502700,392252.8
5469700020,285991.2
5469700260,348501
5470100220,231550.4
5476800069,397398.12
5490210200,447730.3
5490210670,500056.56
5490700035,371050.34
5490700085,366042.28
5493110080,2790823
5494000040,1054155.9
5498100010,457560.06
5506500170,628250.4
5511600315,557180.94
5515600075,254216.81
5515600088,208396.16
5515600163,417422.03
5528600050,383357.8
5536100010,646088.7
5536500020,536622.6
5538300120,422465.75
5540000050,308735.53
5547500050,282730.72
5553300375,1520414.5
5556300114,672233.56
5559200020,246810.2
5559600140,244833
5560000480,183046.56
5560000680,192582.92
5561000600,460335.44
5561100180,524663.4
5561300340,521957.97
5561300380,476284.8
5561300540,482921.84
5561300640,404516.38
5561300750,472521.53
5561400260,661727.6
5561400340,698246.1
5561400470,642819.6
5561400610,507011.78
5561401210,510719.9
5561401260,527681.7
5561401530,476153.56
5561720180,265887.5
5566100060,484484.25
5566100145,446172.38
5569620550,720194.5
5569700020,933047.06
5581400080,810243.3
5589300370,304853.28
5589300435,357162.44
5589300585,297233.53
5589900590,355588.84
5589900610,499887.78
5592900205,364591.9
5595900345,437532.6
5595900355,221390.67
5602000025,246251.34
5603700025,794664.2
5603700095,543076.6
5605000440,796947.9
5606000120,847146.06
5608000590,986728
5608000630,1300196.5
5608010650,894333.8
5608010750,1189143.5
5616000030,321705.7
5630500005,358808
5631500285,725994
5631500947,576999.44
5631500967,457801
5634500234,519239.22
5634500688,1029335.75
5634500775,444759.4
5634500891,316014.5
5635100050,402349.12
5636010280,268940.4
5637500070,394197.62
5647900670,279846.44
5649600462,283911.22
5652600065,656389.56
5652600605,538594
5652601035,284421.78
5652601455,739422.5
5666300010,356708.7
5680000455,851546
5680000545,428064.1
5690500095,771472
5693501100,604568.6
5693501102,605050.2
5694501195,424860.88
5700000245,626072.06
5700000275,700517.9
5700000595,678939.94
5700001100,553280.06
5700002125,498444.88
5700002165,590308.7
5700002510,997053.8
5700003280,953343.56
5700003585,2309731.5
5700003630,1794617.2
5700003640,2099221
5700003705,1211781.1
5700003985,1765701.1
5701500030,1241995.1
5701700640,810789.8
5702380630,259815.66
5703000050,446754
5706200060,295565.78
5706200170,441062.62
5706200370,416157.25
5706300020,472603.56
5707500050,803442.8
5710600030,581404
5710610250,571389.94
5714200140,412497.9
5727500102,333377.38
5728000060,550187.75
5739601300,481902.34
6002400030,306741.9
6003000851,340259.84
6003500749,667304.44
6021500840,627605.4
6021501920,689363.44
6021502070,525588.9
6021502250,606843.94
6021503656,447388.84
6021503740,502188.97
6052400175,343033.22
6052400975,256874.17
6052401215,318017.44
6055000430,497456.66
6056100102,541304.1
6056100295,335321.47
6056100312,362101.84
6056110460,556333
6056110780,328450.56
6056111370,360378.62
6061000010,401765.16
6061400160,377371.2
6064800090,364099.53
6064800410,367207.28
6065300570,972982.25
6065300840,1476706
6065301040,891506.6
6071000030,752099.56
6071200400,560675.5
6071300160,557529.6
6071600340,498531.4
6071600450,566318.6
6071700020,544766.1
6071800480,412621.06
6071900130,580311.06
6072000910,542210.8
6072300110,637382.4
6072300800,679974.1
6072400280,664548.8
6072500490,471230.44
6072800265,1551283.5
6073240060,625750.3
6079500230,642392.5
6083000071,226482.23
6083000123,182520.81
6084200100,389418.97
6084600330,251189.67
6084600420,269056.88
6099400053,210528.58
6102400166,703748.75
6113400046,343840.22
6114600030,558332
6115400008,430767.75
6116500366,359975.03
6117500430,596126.1
6117500460,791979.1
6117500955,402719.56
6117501755,407824
6117502230,1218277
6117502455,288856.7
6117502745,511875.06
6123600100,211752.05
6126601445,471504.22
6131600240,189830.22
6132600655,885981.3
6134500220,635408.06
6135300010,277916.34
6137500320,979286.44
6139100076,361847.78
6139800430,426741.8
6140100150,535292.7
6141100255,426046.47
6141100320,346584.6
6141100330,430833.9
6143000020,269886.16
6145601000,445045.38
6145601745,369873.16
6145601810,354333.62
6145601995,430791.6
6145602240,370310.44
6146600170,147962.27
6146600175,169279.81
6147650300,305459.78
6149700194,345044.78
6149700405,324636.97
6150200180,313416.25
6150700264,378991.62
6151800070,370781.5
6151800080,301717.44
6151800486,250559.72
6151800612,253790.95
6152900273,320284.97
6152900332,396337.6
6154500070,919572.8
6154900005,655528.75
6154900130,315413.22
6159400030,425074.88
6163900333,378939.25
6163900821,355204.5
6163900952,353100
6163900971,385793.8
6163900981,334119.62
6163901150,363659.88
6163901380,310363.9
6169900580,1355803.4
6169900790,1855691.1
6169901130,1135782.1
6181400920,250634.53
6181410950,254455.23
6181500340,330973.9
6184700100,458532.03
6189200125,802320.3
6189600040,528383.7
6190701146,426256.16
6192400180,743170.06
6202600070,1147284.8
6204200180,455452.5
6204420290,477696.34
6204430250,528997.8
6209000165,330136.62
6300000320,413984.06
6300000337,542027.8
6300000378,468217.44
6300000396,353371.88
6300500479,407826.72
6303400290,217116.86
6303400395,124621.41
6303400965,253007.97
6306400140,863263.25
6306800010,435318.78
6306800080,352505.47
6308000010,645850.25
6324000090,339854.47
6326000205,422689.8
6332000050,463210.7
6332940070,528305.06
6345000160,1065738
6352600210,844685.56
6352600490,796960.8
6358900070,917183.56
6362900138,342086.78
6365900065,392114.44
6371000026,364940.47
6371000079,647376.5
6372000155,589409.75
6372000280,508034.03
6378500105,429035.97
6381500450,392719.22
6381500635,305516.3
6381500720,408516.5
6381501636,342464.78
6383000690,616626.1
6384300020,496849.78
6385800030,274694.22
6388900710,494328.28
6388910730,648092.44
6388930620,549663.8
6392000570,337191.34
6392000625,467622.6
6392001950,459289.16
6392002020,559250.75
6392002635,592256.4
6398000011,713833.9
6398000171,534769.7
6398000191,535655.75
6404600006,251657.48
6411600113,333006.56
6413100311,372613.1
6413600285,413063.22
6413600290,347911.9
6414100025,549974.2
6414100026,382301.6
6415100410,396482.03
6430500008,509517.3
6430500086,449930.84
6430500182,878583.7
6430500219,451784.47
6431000005,556745.9
6431000748,364252
6431000987,457856.47
6431500283,460871.34
6441800060,816632.4
6446200060,715010.5
6446200305,693775
6446200365,629556.6
6447300225,1692980.8
6447300265,3503579
6448000020,1440150.4
6448000100,1331608.8
6450301835,363277.2
6450303785,342112.88
6450304130,334915.25
6453550090,860498.2
6453900040,623097.4
6457000080,284844.7
6600060120,442986.56
6600220090,437947.97
6600220550,462271.16
6600400090,215798.19
6600400260,224309.48
6600400270,216264.2
6600410170,207577.77
6600410480,188035.8
6600780130,365485.56
6601200040,303143.66
6607000095,354318.4
6608500220,413960.38
6608500290,393460.72
6613000140,1417906.6
6613000750,1427688.5
6613001241,1501016.8
6617500085,570146.1
6619510060,422521.75
6619910140,724820
6624010010,232853.39
6624030050,381469.4
6625910100,455296.16
6626100260,754966.2
6629300120,305501.44
6632300207,379749.6
6632300230,398886.53
6632900354,295701.7
6632900452,567357.06
6633900170,506807.78
6638900265,810281.2
6641800020,652982.44
6646200280,629195.94
6646200770,670614.8
6647400090,425992.84
6647400250,484028.88
6648150090,1608486.5
6648500390,270126.16
6648500440,328298.34
6648700150,267813.72
6648701740,289402.94
6649300190,389175.03
6649900030,401280.38
6654700240,311757.28
6664900330,276489.3
6664900410,271412.12
6666800180,943472.25
6666830390,774666.56
6666860210,320869.53
6669020500,291666.62
6669080020,422614.44
6669150280,282859.62
6669200370,989928.9
6671900095,374266.66
6672900220,1016196.5
6673050020,394425.5
6675500035,405717.94
6675500070,390277.06
6675500105,371105.9
6675500112,370223.94
6679000960,351253.78
6679001060,313030.6
6690500060,530721.94
6699940120,356580.12
6699940320,373677.47
6699950310,383938.1
6700390090,266478.22
6700390150,244398.39
6700400140,269243.22
6705120540,466505.03
6705850300,772317.1
6706000040,275137.84
6706200130,309612.72
6706600090,469197.7
6708200320,521840.5
6713100031,435524.34
6713700025,364583.22
6713700100,397749.6
6713700155,366308.38
6713700250,493204.75
6716700325,460272.7
6738700075,892105.4
6738700225,1119366.2
6742700210,1389357.9
6743700030,513189.9
6744700423,444808.2
6744700900,750603.44
6744701310,1643903.6
6746701090,567058.5
6749700004,292342.78
6749700117,331106.2
6751300375,455647.12
6752510010,763268.4
6762700452,501470.16
6762700515,987758.94
6788200800,959322.8
6788201440,776373.56
6790950150,741251.9
6791100410,536363.25
6791400100,376509.5
6791400320,243786.39
6791900260,798462.5
6792100090,728280.3
6792200282,241637.22
6795100589,567442.56
6798100070,332921.44
6798100661,300809.8
6802200100,235556.19
6802200670,267010.4
6806100250,310281.62
6813600365,533606.1
6813600380,647084.56
6813600440,424711.78
6815100085,805847
6817800330,305435.03
6817800630,403106.12
6817810190,397135.56
6817810310,403445.72
6817850040,937839.5
6817850110,814739.75
6819100020,1844744.1
6819100080,535246.75
6819100111,923378.9
6819100150,630543.9
6819100380,519828.34
6821100015,713944.1
6821100125,479335.1
6821100195,603335.44
6821101895,585545.06
6821102358,568796.56
6821600005,673682.06
6822100305,618635.9
6822100310,702331.4
6822100750,599213.7
6824100014,378770.16
6837820030,407283.72
6837820330,323395.1
6838000170,481700.16
6840701095,533092.4
6840701100,531083.94
6840701125,582155.8
6840701160,596582.8
6841700070,615177.1
6841700100,933521.5
6844701680,467653.38
6844702690,478151.66
6844703240,913610.4
6850700670,786480.2
6851700381,1018865.06
6852700476,601080.7
6852700478,484948.34
6852700520,499915.9
6858700225,228200.89
6865200095,703231.5
6865200140,676599.44
6865200444,506094.4
6868200029,529425.3
6870310010,674024.6
6888900115,231402.94
6891100090,903982.4
6891100260,814834.56
6891800360,610887.06
6891800500,592084.1
6899990200,798818.2
6909700040,873211.75
6909700340,681686.94
6914700130,490687.72
6918720080,676064.7
6926700654,685826.4
6928000440,307142.94
6928600330,264496.5
6979900010,812379.56
6979940100,769277.5
6979970080,524142.28
7000100631,792313.06
7000100635,425466.66
7000100711,752789.2
7007700030,447825.12
7010700308,1126941.2
7010701016,475215.88
7010701383,641652.25
7011201004,638616.94
7011201087,450738.28
7011201106,432824.66
7011201333,573560.06
7011201475,784209.3
7015200685,663781.1
7015200790,614934.25
7015200800,611158.06
7015201015,1149077.2
7016000440,454611.94
7016100120,421580.7
7016100380,453366.75
7016200460,446155.78
7016310270,419137.3
7019000050,354186.66
7100000135,302083.38
7100000250,370237.72
7110000068,757774.3
7116000350,155094.53
7116500705,179174.97
7128300500,514518.9
7128300630,636010.7
7129300175,327010.62
7129300420,232425.86
7129300520,217582.2
7129300595,263903.66
7129302095,211625.25
7129302800,359909.12
7129303240,349679.88
7129304105,285981.1
7129304375,173924.02
7131300031,261420
7132300525,476439.72
7132300550,421368.06
7132300695,449480.97
7133300380,638917.25
7133300675,353288.28
7135300046,270193.9
7135520610,1139956.8
7135521530,684636.4
7137300245,438961.97
7137800300,223812.25
7137900960,228721.62
7137910140,239052.66
7137950210,332812.88
7137960030,278257.12
7137960440,295576.78
7137960460,276490.1
7137970130,316243.94
7138000260,274938.75
7140200280,268242.38
7140700690,280513.9
7140700850,380334.94
7147600220,224271.84
7147600245,265042.2
7151700585,1288440.6
7153200160,1171823.5
7153400100,227542.2
7159200005,2439376.5
7165700200,248671.97
7169500130,457562.25
7170200110,491376.56
7173700518,669288.44
7173700591,627674.8
7177300090,431099.8
7195800009,309182.5
7197000100,524863.06
7197800020,577933.44
7199320190,585460.2
7199330170,465770.62
7199330370,409576
7199330390,358439.66
7199340320,596380.9
7199340560,455538.1
7200001005,479719.7
7200001254,500565.66
7201600190,507903.22
7201800300,423740
7202000220,418663.9
7202270700,597541.1
7202271060,702689.8
7202290620,461985.12
7202300540,871080
7202310040,638298.5
7202330030,491848.22
7202330270,443773.9
7202330610,534635.56
7202340010,637041.44
7202340590,694914.6
7202340720,630991.44
7202340930,662410.75
7202360670,898147.56
7202360760,841162.2
7202380120,471619.34
7202430150,829707.7
7203000200,254815.61
7203100120,679743.94
7203100730,866621.3
7203102140,347640.94
7203120020,804187.1
7203120050,800394.44
7203150080,652857.25
7203150330,666339.7
7203160090,827696.4
7203170190,719479.9
7203190110,718297.25
7203210170,724035.9
7203220050,969319.3
7203220130,848413.8
7203220260,1029846.3
7203220300,870663.9
7203220400,871003.56
7203230040,947711.5
7203600550,250936.11
7203600745,424953.66
7204200025,808257.56
7205000180,319406.78
7211340030,261174.55
7211400990,226255.12
7212650990,313860.4
7212660520,251940.36
7212660560,320197.62
7212660640,312790.38
7212680080,257251.47
7214400005,525979
7214700350,495261.2
7214720075,658186.06
7214770020,653863.56
7214810350,451407.2
7214810510,441174.12
7214820400,404581.97
7214820610,418308.3
7215400770,381680.1
7215721070,505070.78
7215722010,506869.16
7215730040,765291
7221400285,240567.56
7224000315,217510
7224500010,298519.56
7224500300,228928.28
7225000045,200657.58
7225000155,349736.25
7227500910,171201.11
7227501170,232615.45
7227501190,249972.58
7227501450,256534.62
7227801581,312073.47
7228500037,468892.2
7228500375,508094.6
7228500415,637840.9
7228500425,503405
7228501745,453438.97
7228501903,329927
7229100040,332598.06
7229900005,336176.06
7229900145,429260.25
7229900250,235774.42
7230300060,368512.66
7230900100,333699.9
7231501665,257961.22
7231502505,209291.23
7234600786,823816.3
7234600796,514824.7
7234600851,673331.4
7234601198,678816.25
7234601221,595483.44
7236500025,316162.22
7237301210,274113
7237500110,1033547.75
7237501040,1032976.25
7237501180,1091471.2
7237550130,1234323.4
7250000065,352639.97
7262200150,226496.92
7266200085,632815.56
7272001805,293009.6
7273100026,650709.7
7277100510,579742.44
7277100610,376544.72
7278100665,360900.03
7280300375,519409.6
7282300095,284206.22
7283900010,316281.62
7283900036,334884.28
7283900045,501218.2
7283900306,447332.53
7283900551,433057.12
7284900385,678622.75
7292700005,501833.75
7297700055,334394.72
7298000090,443653.3
7298050090,532229.8
7299600530,266220.9
7300200400,706072.06
7300400150,356810.75
7300400170,325113.8
7300400320,380560.25
7300400670,296668
7300410010,358710.8
7300410110,372099.97
7301300050,386386.25
7303100210,333004.97
7303200450,210752.56
7304300760,298628.03
7304300905,271541.84
7304300906,316916
7304301010,407487.7
7304301045,286700.66
7305900082,351199.84
7308600010,784732.25
7308900490,579501.44
7309100270,509755.44
7312400325,375517.62
7313200120,590717.56
7316400070,314415.84
7327500270,325320.7
7334400070,298035.4
7334401000,269420.44
7334501410,344652.44
7334600280,294287.16
7334602070,310868.7
7335400345,132055.38
7335400400,215681.11
7338000150,189101.86
7338000800,209565.45
7338200180,545505.4
7340600845,244734.72
7345200650,228648.56
7345310100,235896.1
7346600092,297062.66
7347600507,239185.6
7348200115,212095.42
7349600230,240271.33
7349650120,308973.53
7349660050,255827.1
7351200050,781924.1
7352200025,1047279.8
7370600020,578081.75
7375100070,471241.22
7375300160,598430.2
7376300060,420956.38
7376300085,453462.75
7379600240,558540.25
7383450250,347050.3
7385300020,737738.4
7387500195,258025.94
7387500235,332352.97
7390400026,277612.75
7399000360,325735.75
7399300420,255461.88
7399800150,486528.9
7403200050,1563094
7409700215,637046.94
7417100123,413153.8
7419700010,641017.4
7428000120,245640.81
7430200060,1600674.6
7431500280,826756
7436000205,584857.5
7436300160,528514.75
7436500120,499326.97
7436500360,478231.47
7443000480,818463.06
7445000105,440994.9
7452500315,253484.48
7454000990,269202.9
7454001060,243537.75
7459810210,382427.03
7468900270,176815.98
7471900045,245033.64
7501000220,854820.1
7503800210,262127.02
7504010590,759160.94
7504010750,617206.25
7504010900,645552.8
7504020400,602644.2
7504021310,700498.5
7504021510,688443.6
7504030220,649386.1
7504050090,818891.7
7504100590,754836.56
7504100920,796588.44
7504101280,942233.2
7504110050,662342.56
7504110330,756072.2
7504110760,717191.06
7504180170,433045.97
7504400290,630271.5
7511000050,1160804.1
7511000140,1445512.5
7511200020,519475.47
7517500611,719225.4
7518500885,574145.7
7518501025,583355.7
7518502945,529691.44
7518503065,397773.88
7518503685,488619.5
7518504130,577404.56
7518504291,525018.25
7518505160,432490.44
7518505910,561072.94
7518506715,1083263.5
7518506716,1043931.4
7518507330,599380.56
7518508625,623563.44
7519000170,613458.2
7519000580,533361.4
7519001990,379479.9
7520000616,335009.2
7520000695,217101.33
7522500005,588509.4
7522500020,597718.94
7522600110,244568.83
7523850150,295622.75
7524100280,207600.53
7524200180,226732.92
7524300020,278377.1
7524350080,345461.97
7524400250,560246.8
7524900003,2352878
7524950830,573155.44
7525100520,441266.25
7525100590,453631.88
7525300310,603472.4
7525410090,585305
7525530470,799089.44
7525530670,804153.44
7525570020,686815.3
7525900050,523411.5
7526800200,646048.6
7527200030,750433.06
7527410080,674202.06
7533800885,753301.25
7544800395,401162.53
7548300170,581247.7
7548300425,380544.28
7548300731,615680.7
7548301044,363356.53
7549800168,445843.16
7549800543,281825.38
7549802535,425462.6
7550800195,619084.44
7550801170,562305.5
7550801225,573391.06
7551300065,479309.94
7555220140,710309.4
7558300170,503516.4
7558700030,5050420.5
7559600200,663721
7568700175,313823.6
7569500010,664035
7574000080,371335.3
7574910650,755836.44
7575600100,292990.03
7575600430,273020.38
7575600610,262580.62
7575610760,280260.4
7575620750,274167.9
7576200012,863196.56
7576200040,806944.4
7576700150,1060880.8
7577700061,499359.8
7578200310,690820.5
7579200915,932989.25
7582700075,1688780.1
7585000110,176992.45
7586200061,337209.03
7588700177,294396.66
7589700055,463262.38
7595700025,354201.53
7598100735,1065524.6
7603100020,890001.4
7604400150,359086.97
7606200090,318333.94
7611200195,769711.94
7616200050,506909.28
7625701900,436248.47
7625701935,320420.62
7625702437,405234.94
7625702440,418460.3
7625702441,405234.94
7625702616,312586.1
7625703435,820396.44
7625703800,525360.4
7625703945,375606.47
7628700050,847797.5
7631800015,1403507.5
7631800110,828914.44
7634800070,385392.62
7635801370,496673.53
7635801371,502919.4
7636800041,1046437.25
7640400070,580079.25
7640400250,518962.5
7645900235,665071.9
7655900038,343217.1
7657600005,258513.86
7658600025,438601.25
7660100236,353601.1
7663700551,328408.9
7663700783,408845.8
7663700973,329465.12
7682200340,261847.17
7686202580,197601.3
7686202635,180611.27
7686202730,161724.72
7686204675,190473.8
7694200070,418645.53
7694200380,352162.75
7695370160,471764.62
7695500200,416500.28
7696300080,398556.1
7696500280,198437.12
7696600240,201780.95
7696610270,213318.62
7696620100,214150.47
7697000170,290407.66
7697100030,536480.94
7697870310,256961.4
7697870860,234944.16
7701450110,1171164.2
7701700040,280593.34
7701800050,439410.12
7701960210,859700.9
7701990040,926416.6
7701990300,855783.44
7701990560,805514.25
7701990700,819963.1
7702600930,430695.88
7708000010,407925.5
7708210050,588687.9
7708250010,314224.3
7708250040,344777.38
7714000070,395343.25
7714000250,402156.53
7714000310,388887.12
7715600070,351834.78
7715800310,488761.66
7715800430,509569.78
7732300390,686020.6
7732410120,800840.3
7732410130,717343.6
7732410360,753329.25
7732500270,662817.1
7732650040,953642.75
7738500475,438076.62
7738500731,3787795.5
7739100155,701936.94
7749500070,298110.47
7750500120,227670.7
7752400075,529325.3
7760400210,260977.61
7766200013,521250.1
7768700315,1138054.8
7768800290,826215.25
7773800015,552199.94
7774200070,703223.44
7779200355,596011.9
7784000100,561582
7784000180,493568
7784400035,685476.5
7784400130,536020.1
7785000220,744155.9
7785380150,488917.34
7787050180,583526.5
7787110060,468569.88
7787400030,1871299.9
7788400180,298612.38
7789000080,248242.38
7789000120,237174
7792000025,364583.56
7796000095,1204365
7796100080,960656.75
7796450340,345104.03
7802900380,327882.53
7805450110,723447.1
7809200055,238910.89
7811220070,623282.2
7812801125,214050.42
7812801785,215324.53
7812801850,215614.06
7818700480,355152
7819000040,322297.75
7820000015,348373.4
7821200307,462356.25
7823700005,339528.22
7831800395,296672.53
7840800135,229369.06
7841300230,294984
7843500090,359361.06
7844200050,303991.9
7846700850,277998.25
7849200635,218615.31
7849200861,308177.2
7849202190,306895.53
7851980100,1115689.4
7852010900,535571.5
7852010950,560742.4
7852011020,565157
7852011040,548790.6
7852020250,642032.3
7852020300,496043.5
7852020620,506022
7852020670,479842.78
7852030320,481851.3
7852030960,472763.6
7852040080,532820.5
7852050220,372004.16
7852070210,1413458.1
7852090180,517246.97
7852090810,576017.5
7852110050,520630.6
7852110140,553603.56
7852110690,614572.5
7852120140,744155.9
7852150120,414258.53
7852150720,442372.72
7852160070,1044495
7852160080,930957.44
7852170130,657134.9
7852180340,444785.28
7852190290,559547.9
7853210060,420600.44
7853221330,685774
7853230200,452651.75
7853230570,426917.66
7853240200,598921.2
7853270100,716234.9
7853280350,796396.25
7853280370,827265.5
7853280550,785954.56
7853300070,506632.84
7853300280,534548.4
7853300720,518436.16
7853300770,433692.34
7853301240,484052.88
7853301660,797296.06
7853301700,686094.56
7853310150,598771
7853340330,388309.38
7853340450,369856.56
7853350220,619473
7853360480,516433.2
7853360620,405759.72
7853360990,397959.03
7853361210,374672.34
7853361420,546018.56
7853370100,590115.6
7853380510,696268.56
7853400250,614245
7853420110,589302.4
7853440140,758673.1
7855000550,1183794.9
7855600080,627617.4
7855800910,741666.94
7855900110,1198731.9
7856000150,815847.75
7856550240,779369.06
7856600170,634954.4
7856610130,758389.56
7856620210,740914
7856620870,793035.75
7856660130,979301.4
7856700060,648439.25
7857000732,387331.12
7857001225,345273.56
7861500150,406864.06
7871500070,879754.1
7871500685,630532.44
7877400266,179532.8
7880020030,753407.56
7881500330,437361.56
7882600326,1653792.9
7883603190,281635.7
7883603700,246050.88
7883603750,284733.6
7883603965,318670.2
7883604065,247572.6
7883605915,232670.48
7883607645,225838.64
7888000390,182438.67
7888100240,235742.05
7888200240,226941.03
7888400500,228975.22
7888700030,523884.94
7888780090,284268.28
7889600190,258889.61
7889601320,191894.14
7889602020,232208.73
7893207490,236765.4
7893207925,231441.78
7893804845,336895.97
7893805650,338254.22
7896300150,284160.97
7899800045,230445.83
7899800476,241274.77
7899800586,326161
7899800857,271825.53
7899800890,245409.7
7899800915,236890.08
7904700126,382821.12
7905200037,523287.72
7905200061,408616.62
7905200147,530328.3
7905200205,425775.12
7905200365,487360.62
7905380280,383787.25
7907600100,267252.66
7915100490,622916.1
7920100083,355418.3
7922710450,745074.75
7922710520,498644.1
7922720040,628330.6
7922720250,509850.25
7922750020,576887.75
7922800190,508771.97
7922800320,545150.2
7923200150,559750.2
7923300310,513490
7923500060,715356.3
7923700030,426458.25
7935000595,1146764
7935000625,1223558.6
7936000252,487321.6
7937600010,302100.38
7937600380,342701
7940710070,444709.78
7940710100,530263.56
7941140070,354729.56
7942100180,247375.52
7942100290,246210.95
7942600310,436342.1
7942601155,449643.88
7942601200,388314.56
7942601410,685626.25
7942601805,681011.2
7942601895,646803.2
7943000020,164875.64
7950300670,388805.2
7950302345,304300.25
7950302890,428875.6
7950302995,419003.03
7950303270,407242.56
7950304075,339274.16
7950304095,319108.1
7950700120,292126.5
7954000125,577760.44
7954300120,558071.7
7954310210,676120.8
7955040130,479523.94
7955080270,310659.75
7956300020,183397.08
7957600025,249439.39
7960100050,474041.72
7960100075,446197.9
7967000150,329592.72
7967000160,329196.9
7967600285,478173.56
7967650010,370667.3
7967700570,220693.55
7967900150,374856.4
7968000120,263814.3
7971300050,616683.75
7972000010,183248.3
7972000240,226463.23
7972600450,324215.28
7972601250,437486.7
7972601270,335453.88
7972601280,439028.97
7972601995,255053.64
7972602435,265397.8
7972602490,308085.5
7973202712,211766.58
7974200452,1028816.56
7974200765,524003.84
7974200820,754902.8
7974200937,521600.7
7974700122,726659.6
7977201707,491896.53
7977201845,588247.3
7978800621,230146.27
7979900126,364864.94
7979900210,352387.84
7979900806,323333.72
7983200060,210891.5
7984400050,195082.11
7985000100,242413.44
7986400265,718002.75
7987400316,275379.34
7987401095,736216.7
7994700030,350363.84
7996720050,555156.9
7999600180,193943.12
8001210120,263309.6
8001450170,296902.34
8016250060,255087.45
8016300240,588426.3
8018600655,433005.06
8021700715,641998.7
8024200010,419353.62
8024200625,377972.3
8024200681,403076.16
8024200820,492411.88
8024201055,330400.56
8024201714,541988.56
8024202520,439219.9
8025700460,266366.7
8026200080,379314.2
8029200190,213928.19
8029500100,348289.7
8029500360,364372.9
8029500380,287842.8
8029740060,321399.97
8029770470,571093
8029900110,461704.12
8032700070,626396.3
8032700072,535249.3
8032700140,742195.5
8035350120,497328.1
8039900086,304694.3
8039900130,330577.38
8039900400,372423.03
8043700105,1775789.5
8043700300,1961713.4
8044050040,428770.5
8044200200,393913.12
8044700010,564436.3
8045600130,429791.94
8058500005,375869.12
8068000440,302183.62
8069000075,586035.56
8073000265,369179.25
8074200100,251211.47
8074200175,278013.62
8075400360,228418.4
8078100260,336628.44
8078350280,566854.1
8078390150,706416.9
8078400010,570539.4
8078410250,561076.1
8078430480,541435.75
8078440140,566009.25
8078460050,676798.8
8078520310,242480.73
8078550190,282728.03
8078550250,297658.2
8078560140,284220.03
8078570380,306821.78
8078700020,539373.75
8079030350,465216.6
8079040300,454656.16
8079040320,413447.47
8079040490,441929.56
8080400136,532940.94
8080400177,486215.8
8081010040,1145816.2
8081500050,1936362.2
8081500060,2284756.2
8082400136,765115.9
8084900170,1832146.9
8085400490,1149650.5
8085400586,1714224.9
8087800020,459477.97
8087800430,590452.8
8091410930,297068.03
8091411100,295740.88
8091600080,223933.31
8091670030,353374.22
8091800140,335461.25
8096000060,641660.2
8097000330,325442.3
8099200030,228946.4
8100000090,279948.66
8100400160,665189.25
8100900015,366352.03
8106100105,4731377.5
8106300090,433624.12
8106300510,528385.2
8106300820,545507.5
8113101232,357061.62
8113101670,434044.06
8114000040,332541.3
8118600025,420992.9
8118600155,368278.34
8121100015,403636.22
8121100395,390949.8
8121200460,498553.75
8121200710,513618.8
8122100160,453909.25
8122100690,421865.84
8122101440,275398.5
8123100045,465845.25
8123500050,620506.56
8126300410,551601.5
8127700215,737557.56
8127700440,700269.44
8127700735,1139461.1
8128600060,1004720.5
8128700005,286501.4
8129700565,625767
8129700728,556862.75
8132700190,483993.34
8138870470,481122.6
8141300300,342563.44
8142000080,365848.22
8143000310,485801
8143100350,422234.12
8146100095,593945.3
8146100610,588552.06
8146200070,1368672.5
8149600065,839813.94
8150100045,314285.44
8150100265,305360.2
8151600101,181468.5
8151600590,367242.28
8151600941,281350.06
8151600973,527603.2
8151601190,245641.05
8155500110,588462.25
8155820110,296735.62
8155870200,325226.38
8159600360,608453.8
8159620160,240912.17
8161000220,477160
8161000230,551685.1
8161020050,561475.44
8165500790,393553.4
8165501700,371097.06
8561200110,561515.06
8562710250,999350.9
8562710640,970891.2
8562720410,1263694.6
8562740370,742349.8
8562740440,710136.7
8562750060,869867.1
8562750300,625376.25
8562770080,602037.6
8562770490,527468.4
8562770720,533476.9
8562780090,315254.16
8562780160,326244.97
8562780280,333812.28
8562780540,303392.4
8562790150,842369.56
8562790480,678532.1
8562790720,778639.5
8562891100,347303.25
8562900240,632517.5
8562901100,675879.06
8562901250,609818.4
8562970040,640345.25
8563010130,839877.25
8563040160,600255.8
8563050110,558435.8
8563080020,831468.56
8563300085,421667.56
8564500020,341599.06
8564500240,420548.28
8564860110,586113.8
8564860270,491768
8564950250,505230.22
8564950280,506456.03
8566100200,1001493.75
8567450140,507366.8
8568700015,330491.03
8572900135,398931.44
8572900275,214983.92
8581400345,265920.97
8582010240,626320.5
8588000315,201556.5
8588000610,178819.05
8594400110,346618.66
8598200070,246811.14
8598900125,359136.97
8604900017,579608.6
8617000060,855964.7
8624700015,642968
8635750090,693702.25
8635750330,642485.6
8635750980,628851
8635760040,516147.62
8635760480,566864.4
8638500170,371252.47
8641500252,389528.16
8641500280,295633.72
8642600090,306779.62
8643000190,252202.39
8643200020,356107.75
8643200055,255642.47
8644210050,780089.6
8644210470,833692.56
8644300170,713028.94
8645501330,254989.92
8645540040,290604.34
8647800150,343922.56
8648700450,617287.5
8648900060,516028.5
8649400410,403282.25
8649400790,246292.22
8649401000,244147.95
8650300130,753445.6
8651401270,195064.81
8651402750,201765.17
8651410090,183213.17
8651410330,182860.73
8651410670,192924.1
8651430220,200153.02
8651430370,216116.6
8651431100,175645.06
8651440230,232540.27
8651441750,200537.25
8651442520,257438
8651442910,242251.67
8651520510,594265.44
8651540040,523644.16
8651600160,785414.3
8651611980,894252.8
8651710190,428338.1
8651720150,476641.5
8651720420,443795.9
8651720470,474884.22
8651730290,444143.94
8651730580,444385.44
8656300345,419692.1
8656300380,419499.62
8656800020,365319.7
8656800190,412796.6
8658303065,340638.75
8658303080,400968.97
8658303585,280565.78
8663310010,434723.03
8663370020,410363.03
8665050530,498920.94
8665900291,574954.94
8665900328,426415.97
8669160310,274270.7
8673400061,448237.44
8673400177,576485.2
8673400190,561405.3
8677900120,499764.78
8677900123,455752.75
8679600150,543494.25
8680500090,549202.2
8682211030,440352.34
8682220230,759980.94
8682220390,709275.75
8682231110,567073.6
8682231190,570461.56
8682250330,629138.94
8682260470,452879.75
8682261440,518083.25
8682261650,527081.7
8682262170,417665.3
8682262190,389715.44
8682262330,422374.7
8682262400,416154.06
8682280340,482116.53
8682280490,437964.7
8682281710,725987.06
8682290360,429620.25
8682291050,775092.94
8682292020,449016.53
8682292180,403421.1
8682300400,588680
8682310220,729402.9
8682320350,582037
8682320420,700232.7
8687800100,294557.28
8691310040,759620.8
8691310070,853634.8
8691310980,729944.94
8691330310,814116.06
8691390980,720275.56
8691400010,717694
8691400080,701259.8
8691410060,701577.56
8691410700,691737.5
8691410730,712433.5
8691420050,853225.44
8691430330,986173.94
8691500410,373579.5
8698600395,220620.95
8712100350,1249080.5
8712100720,803992.4
8718500075,387458.94
8718500610,411766.47
8718500665,368054.3
8724300010,658670.2
8728100781,343204.03
8728550150,572924.8
8730000270,347228.4
8731730710,229783.73
8731800840,261352.7
8731801260,230559.48
8731900790,321916.84
8731900880,350202.16
8731902680,253567.4
8731951490,277889.56
8731980680,275810.66
8731981360,359837.75
8731981940,378021
8731982190,283187.3
8731990370,361466.3
8732000390,242151.19
8732020310,283131.12
8732020670,259586.8
8732030440,292902.88
8732030490,297123
8732040090,305014.7
8732130730,240716.97
8732131090,284229.78
8732160250,249352.34
8732300060,665799.75
8732750100,335774.9
8732800100,246114.94
8732900840,671117.7
8802400906,294849.28
8805400090,266405.28
8807300130,344807.62
8807810090,439351.88
8807810110,430747.22
8809200070,361853.66
8812401450,756579.94
8813400155,797818.56
8815400020,618294.94
8815400105,630110.44
8815400165,651615.7
8815400670,736138.06
8815400735,782628.4
8818400450,1106676.6
8819900170,850397.6
8819900220,690887.7
8819901030,840190.44
8820901275,547781.5
8820901415,361258.5
8820901792,812569.4
8820902350,702051.44
8820902400,470924.94
8820902549,598574
8820902905,335775.88
8820903380,552705.75
8820903560,320396.47
8827900015,608767.8
8827901350,713387.4
8830400135,228833.11
8832900135,831451.1
8832900780,461129.44
8833510230,832338.1
8835200160,342533.7
8835200330,398580.8
8835210130,357204
8835220200,344997.1
8835350300,542228.94
8835400805,650722.7
8835401250,1264041.8
8835770170,981158.9
8835770330,627347.5
8835800010,870486.25
8838900032,881633
8842400071,465775.97
8843900396,344814.53
8849300160,377939.53
8850000180,412528.22
8854000010,651465.3
8854100350,627264.94
8856001090,165928.39
8856003839,223786.42
8856004327,270129.75
8856004582,215397.23
8856950310,275736.22
8856960260,312230.06
8856960280,323584.8
8856960720,315733.75
8856970530,325411.9
8856971000,270667.44
8857100180,400697.2
8857320130,521868.88
8857320260,505391.2
8857600490,196567.92
8857600680,227707.19
8860310240,637874.3
8860500130,396850.1
8860500300,329656.53
8862000075,189394.42
8864000970,232024.78
8881900230,771680.25
8887001625,487644.25
8892900180,242856.11
8895800110,1036216.44
8895800200,954583.56
8898700440,269622.22
8898700880,287232.4
8898700960,321305.88
8899000050,372727.53
8899000140,262962.78
8899000310,272363.47
8899000430,349185
8899200570,335054.88
8899200720,288252.66
8899210320,393237.9
8901001335,685310.5
8902000267,546840.9
8902500118,404842.5
8907500070,3763415.2
8910500226,367719.62
8910500471,443801
8911000445,345087.9
8914100170,669022.3
8917100153,564621.5
8921000040,888871.5
8923600020,1521879.6
8924100372,1244092.1
8925100115,1396356.8
8927600100,805816.25
8928100125,609960.9
8928100205,654838.94
8929000140,428906.7
8929000230,455552
8929000250,373763
8929000270,461615.62
8929000290,421149.53
8935100100,768563.25
8941100095,1114481.4
8943600360,283821.88
8943600720,290060.84
8944290090,245303.47
8944360390,471719.66
8944460020,356857.72
8944600060,483201.47
8944600620,491857.12
8945100320,200362.9
8945200830,187840.44
8945300090,203589.22
8945300200,191159.67
8946400210,466467.66
8946410040,370100.38
8946700100,371846.7
8946780080,759599.8
8948500065,210343.95
8955800045,360799.9
8956000250,486115.22
8956000460,596102.8
8956200070,380196.03
8956200530,394135.97
8961950250,422600.72
8961950410,301273.2
8961980290,715030.94
8964800445,1536993.4
8964800695,1104599.5
8964800890,2533052.2
8965000110,464054.78
8965450110,829664.2
8965500320,702776.94
9103000393,1424495.1
9103000455,721707.1
9106000005,1007886.5
9109000050,324788.1
9113200250,717398.4
9117000230,300445.72
9122000385,575098.06
9122001231,607687.2
9122500080,302204.97
9126100815,517485.78
9126100850,560750.4
9126101201,379088.16
9136100420,658849.9
9136102057,589256.9
9138100350,739048.1
9141100005,564530
9144300120,349265.94
9161100795,447538.62
9164100105,588102.06
9164100125,575203.4
9169100130,603448.8
9169600043,538525.7
9169600110,546112.3
9169600135,462193.56
9170500060,548504.94
9175600025,1039771.2
9178600135,679156.9
9183700470,281824.03
9183700845,139204.44
9183703045,284358.6
9184700600,1063708.2
9185700440,2313117.2
9187200275,651365.94
9191200015,631880.25
9191200380,624112.56
9191200435,594251.8
9191201325,616143.5
9194101388,498161.2
9197100101,184097.84
9197100263,260336.02
9200000050,166586.88
9201000100,729259.56
9201000320,758575.44
9201300020,1592387.2
9202650130,555659.06
9206700190,781016.4
9206950110,312915.97
9206950200,289766.1
9209900315,497523.53
9209900335,536296.25
9211010260,532736.6
9211010320,552223.6
9211500520,235562.03
9211500560,236296.2
9211500620,240416.42
9211510410,228953.17
9211520400,264020.44
9212900100,465484.66
9212900820,511762.78
9214400125,513665.8
9218400088,323954.4
9222400510,367266.47
9222400565,529627.3
9225900055,351886.12
9232900075,321698.03
9232900165,289713.03
9235900030,294689.62
9238480120,567010.9
9238500040,498662.66
9238500100,465443.8
9238500480,525292.25
9238900085,590970.56
9238900616,603643.4
9238900855,419731.3
9241900150,1073570.2
9250900095,349162.03
9250900111,497016.6
9253900408,1645863
9262800208,683733.3
9262800255,289409.56
9264450460,341348.66
9264900660,306013.2
9264900880,264557.8
9264901510,255075.77
9264901680,244820.39
9264920250,266788.94
9264921110,276511.2
9264930400,292666.38
9264930970,324032.6
9265410010,223787.7
9265410090,221782.05
9266700175,374984.4
9267200062,338782.7
9268200285,388141.66
9268200315,536222.6
9268200440,384815.28
9268200484,732598.5
9268850160,364453.53
9268850180,314307.03
9268850350,345398.06
9268851630,433197.12
9268851740,561265.56
9268851860,451190.28
9269200150,359384.34
9269200340,430993.75
9269200520,199547.31
9269200650,266713.12
9269200786,354579.72
9272201318,515988.66
9272201385,675414.5
9272202260,443687.56
9274200318,543218.06
9274200322,581123.5
9274202005,790176.06
9274202885,561153.2
9274203390,647383.9
9274204230,497245.6
9275700765,987821.1
9276200190,603178.4
9276200569,673193.3
9276200850,512033.72
9276200890,465635.62
9277200180,446696.9
9279700013,1091505.6
9279700150,1757740.8
9282800065,265795.97
9282801720,276776.88
9283800050,334343.06
9283800230,547697.9
9284800085,460736
9284801100,280291.94
9284801500,399310.9
9285800275,738817
9285800330,869474
9285800585,485433.75
9286000150,1582237.4
9286100200,402373.7
9286100250,408566.34
9286750100,387574.25
9290800050,533095.44
9290870040,812332.3
9294300070,637703.44
9294300495,715440.2
9294300515,791941.4
9297300255,467173.72
9297301065,588659.25
9297301495,522513.28
9297301520,358914.1
9297800165,556372.75
9301300215,944882.3
9301300805,525920.3
9310300211,297375.3
9315600050,2089850.9
9320350020,560788.9
9320500080,271119.78
9320900420,186027.75
9320990110,299625.06
9320990120,333270.56
9320990140,310288.16
9321010130,271721.6
9324800450,599327.44
9331800580,282197.62
9332800020,716185
9345400350,741176.94
9346700030,656843.56
9346910500,620272.25
9348500220,553872.4
9348700610,785016.7
9353300600,272963.62
9358001422,326478.72
9358002232,368340.84
9358002305,372172.38
9359100101,991791.44
9367200205,612504.1
9368700006,281430.84
9368700270,192867.98
9376301110,477447.66
9376301180,488459.7
9376301800,656514.75
9385200045,625956.25
9390700100,540601.44
9392200030,258449.03
9406450090,356950.62
9406510040,515806.12
9406520260,319475.03
9406530090,336484.97
9406530150,379042.25
9406570300,431403.34
9406590010,387540.62
9406710060,373577
9407000230,302204.38
9407000840,275690.72
9407001320,295474.75
9407001340,301351.94
9407001600,285040.06
9407001620,309692.75
9407001790,239642.02
9407100720,263570.12
9407100730,245145.14
9407101840,301975.94
9407101850,299390.28
9407101900,269976
9407111100,289055.94
9407111250,233616.55
9407150130,316425.56
9407150240,281382.53
9407150250,299252.4
9407150310,346455.06
9408300310,612425.3
9412200280,406553
9412400220,2573703
9412700160,286272.53
9412900045,507522.66
9413400165,258777.06
9414500200,392359.8
9414610240,464413.38
9414700020,336962.47
9417400110,418060.66
9421500160,474301.28
9422400035,638752.1
9423800030,237486.8
9424400105,464336.3
9429000170,571759.5
9429500146,881975.25
9430000070,287948.5
9430110120,693707.5
9432750190,519240.22
9432900250,345212.3
9432900560,344423.75
9454200030,499787.2
9455200329,522101.34
9456200405,202791.05
9456200450,280660.53
9460000010,297125.84
9460000110,351985.8
9464700340,917757.56
9465910030,563391.94
9468200100,531749.9
9468200140,482636.84
9468200163,602625.25
9471200370,1766566.9
9471201110,982305.75
9471201175,1638447.6
9474700020,317244.7
9475700220,387327.4
9475710040,387293.06
9476200680,246237.25
9476700035,418281.56
9476700135,283516.97
9477000120,362884.88
9477000190,434581.7
9477000280,417075.44
9477000300,443008.53
9477001140,400018.72
9477001410,389903.16
9477100490,391345.97
9477101280,409832.3
9477201060,391022.9
9477201370,457097.34
9477201470,369593.2
9477940440,437527.6
9478400080,787078.94
9482700080,568657.7
9482700475,819136.2
9485800050,669405.25
9485930120,365895.7
9485940330,382981.06
9485951460,432062.53
9492500140,882839.5
9492500160,882954
9492500170,881643.06
9493200010,321253.47
9500900110,208029.8
9500900430,247914.47
9508850100,657524.8
9510300220,615175.3
9510860060,697186.8
9510861140,738828.25
9510900140,235816.25
9510900360,232430.52
9510920040,752935.6
9510970090,641297.4
9510970300,810651.4
9510970530,619614.25
9512200050,630922.25
9512500720,526992.75
9512501400,442980.66
9513900050,268126
9517200180,353009.1
9517200290,428056.75
9517200610,355831.75
9520900230,556289.5
9521100855,461665.38
9521100880,681341.2
9521100960,709716.94
9522100375,660505.7
9522300010,1794636.1
9522400350,520248.4
9523100458,548532.2
9523100550,768317.75
9523102447,685347.75
9523103001,409273
9526500080,420410.75
9526600340,723714.2
9527000090,545709.9
9527000180,586238.5
9527000330,645702.44
9527000490,555633.6
9528100899,605248.75
9528102110,686092.6
9528102771,582919.7
9528102772,519030.78
9528102865,747677.1
9528102993,607840.2
9528104109,457019.75
9528104360,369499.1
9528104660,1001454.6
9528104910,631274.94
9530100085,667486.44
9530100225,654239.7
9532000070,559339.8
9533600100,1224422.4
9536600010,563813.9
9536601295,330026.78
9536602080,183955.52
9541600015,608189.25
9541600350,751013
9541600355,758720.2
9542000050,704503.5
9542100135,772225.75
9542400010,861104
9542400025,816746.1
9542400075,910190.94
9542801310,302294.03
9542802000,212424.16
9542830160,304547.9
9542830480,350383.9
9542840410,300479.22
9542840590,287289.66
9542850290,733364.6
9542900190,371399.06
9545230280,548944
9545240180,541026.44
9547200530,721135.4
9547201155,517017.62
9547204350,684033.94
9547204675,581417.3
9547205180,671956.7
9547205610,627893.94
9547205660,559532.94
9550200225,542202.56
9550200370,595432.94
9550202700,498136.94
9551200270,1124906.5
9551201295,518053.62
9551201560,624478.7
9551201585,1096606.6
9551201660,1122350.8
9552700550,652152.25
9557300080,550808.8
9558000100,430036.72
9558010190,369634.78
9558010230,363888.12
9558020240,548758.75
9558020380,487939.62
9558021000,360307.5
9558040050,620679.4
9558040820,632826.44
9558041130,346440.53
9558050360,546873.75
9558200080,323392.3
9558200210,215643.47
9560500105,706895.4
9561100010,395540.88
9578060470,540772.1
9578060540,498652.2
9578140180,357475.25
9578500510,379707.97
9578500810,416882.97
9578501110,349398.88
9808590210,1145385.8
9808610190,1011418.4
9808630210,931549.8
9808640320,1114788.6
9818700430,458175.75
9818700455,625895.94
9826700697,411371.22
9826700707,477364.34
9826700726,465513.06
9826701320,499679.97
9826701665,545709.9
9827700105,591695.2
9828200460,432397.66
9828200762,439421.44
9828200790,483519.53
9828201020,545655.75
9828201725,532940.94
9828202255,921858.44
9828700235,639796.5
9828700900,570794.6
9828701295,336714.47
9828701508,634031.6
9828701605,565096.1
9828701650,368364.03
9828702055,384191.2
9828702120,525123.94
9828702310,520811.34
9828702335,463866.72
9828702666,492924.94
9830200475,464903.03
9834200165,571985.25
9834200390,493199.56
9834200885,483953.66
9834201205,269495.75
9834201370,382544.47
9839301060,660883.1
9842300036,406132.53
9842300095,471997.75
